drama_name,name
100 Days My Prince,100 Days My Prince
12 Signs of Love,12 Signs of Love
12 Years Promise,12 Years Promise
18 Again,18 Again
365: Repeat the Year,365: Repeat the Year
4 Legendary Witches,4 Legendary Witches
5th Republic,5th Republic
7 First Kisses,7 First Kisses
7th Grade Civil Servant,7th Grade Civil Servant
#Alive,#Alive
A Beautiful Mind,A Beautiful Mind
A Bird That Doesn't Sing,A Bird That Doesn't Sing
A Daughter Just Like You,A Daughter Just Like You
A Gentleman's Dignity,A Gentleman's Dignity
A Girl Who Sees Smells,A Girl Who Sees Smells
A Happy Woman,A Happy Woman
A Hundred Year Legacy,A Hundred Year Legacy
A Korean Odyssey,A Korean Odyssey
A Little Love Never Hurts,A Little Love Never Hurts
A Love So Beautiful,A Love So Beautiful
A Model Family,A Model Family
A New Leaf,A New Leaf
A Piece of Your Mind,A Piece of Your Mind
A Place in the Sun,A Place in the Sun
A Pledge to God,A Pledge to God
A Poem a Day,A Poem a Day
A Superior Day,A Superior Day
A Tale of Two Sisters,A Tale of Two Sisters
A Thousand Days' Promise,A Thousand Days' Promise
A Thousand Kisses,A Thousand Kisses
A Time Called You,A Time Called You
A Witch's Love,A Witch's Love
A-Teen 2,A-Teen 2
About Time,About Time
Abyss,Abyss
Ad Genius Lee Tae-baek,Ad Genius Lee Tae-baek
Adamas,Adamas
Adult Trainee,Adult Trainee
"Aeja's Older Sister, Minja","Aeja's Older Sister, Minja"
Aftermath,Aftermath
Again My Life,Again My Life
Age of Warriors,Age of Warriors
Air City,Air City
Alchemy of Souls,Alchemy of Souls
Alice,Alice
All About My Mom,All About My Mom
All About My Romance,All About My Romance
All In,All In
All of Us Are Dead,All of Us Are Dead
Alone in Love,Alone in Love
Amanza,Amanza
Amor Fati,Amor Fati
Andante,Andante
Ang Shim Jung,Ang Shim Jung
Angel Eyes,Angel Eyes
Angel's Choice,Angel's Choice
Angel's Last Mission: Love,Angel's Last Mission: Love
Angel's Revenge,Angel's Revenge
Angry Mom,Angry Mom
Anna,Anna
Another Miss Oh,Another Miss Oh
Another Peaceful Day of Second-Hand Items,Another Peaceful Day of Second-Hand Items
Apgujeong Midnight Sun,Apgujeong Midnight Sun
April Kiss,April Kiss
Arang and the Magistrate,Arang and the Magistrate
Are You Human?,Are You Human?
Argon,Argon
Arthdal Chronicles,Arthdal Chronicles
Artificial City,Artificial City
Ask the Stars,Ask the Stars
Asphalt Man,Asphalt Man
Assembly,Assembly
At Eighteen,At Eighteen
"At a Distance, Spring Is Green","At a Distance, Spring Is Green"
Autumn Shower,Autumn Shower
Avengers Social Club,Avengers Social Club
Awaken,Awaken
Babel,Babel
Baby Faced Beauty,Baby Faced Beauty
Babysitter,Babysitter
Bachelor's Vegetable Store,Bachelor's Vegetable Store
Backstreet Rookie,Backstreet Rookie
Bad and Crazy,Bad and Crazy
Bad Guy,Bad Guy
Bad Guys,Bad Guys
Bad Guys 2,Bad Guys 2
Bad Housewife,Bad Housewife
Bad Papa,Bad Papa
"Bad Thief, Good Thief","Bad Thief, Good Thief"
"Bad Woman, Good Woman","Bad Woman, Good Woman"
Ballad of Seodong,Ballad of Seodong
Band of Sisters,Band of Sisters
Banjun Drama,Banjun Drama
Basketball,Basketball
Be Melodramatic,Be Melodramatic
Be My Dream Family,Be My Dream Family
Be Positive,Be Positive
"Be Strong, Geum-soon!","Be Strong, Geum-soon!"
Beating Again,Beating Again
Beating Heart,Beating Heart
Beautiful Days,Beautiful Days
Beautiful Gong Shim,Beautiful Gong Shim
"Beautiful Love, Wonderful Life","Beautiful Love, Wonderful Life"
Beautiful World,Beautiful World
Because This Is My First Life,Because This Is My First Life
Becky's Back,Becky's Back
Becoming Witch,Becoming Witch
Behind the White Tower,Behind the White Tower
Bel Ami,Bel Ami
Best Chicken,Best Chicken
Beyond Evil,Beyond Evil
Beyond the Clouds,Beyond the Clouds
Big,Big
Big Issue,Big Issue
Big Man,Big Man
Big Mouth,Big Mouth
"Billie Jean, Look at Me","Billie Jean, Look at Me"
Birdie Buddy,Birdie Buddy
Birth of a Beauty,Birth of a Beauty
Birthcare Center,Birthcare Center
Bizarre Bunch,Bizarre Bunch
Black,Black
Black Dog: Being A Teacher,Black Dog: Being A Teacher
Black Knight,Black Knight
Black Knight: The Man Who Guards Me,Black Knight: The Man Who Guards Me
Blade Man,Blade Man
Blessing of the Sea,Blessing of the Sea
Blind,Blind
Blood,Blood
Blooded Palace: The War of Flowers,Blooded Palace: The War of Flowers
Bloody Heart,Bloody Heart
Bloody Romance,Bloody Romance
Blossom Sisters,Blossom Sisters
Blow Breeze,Blow Breeze
Blue Birthday,Blue Birthday
Bodyguard,Bodyguard
Born Again,Born Again
Bossam: Steal the Fate,Bossam: Steal the Fate
Boys Over Flowers,Boys Over Flowers
Brain,Brain
Bravo My Life,Bravo My Life
"Bravo, My Life","Bravo, My Life"
"Bravo, My Love!","Bravo, My Love!"
Bridal Mask,Bridal Mask
Bride of the Century,Bride of the Century
Bride of the Sun,Bride of the Sun
Brilliant Heritage,Brilliant Heritage
Brilliant Legacy,Brilliant Legacy
"Bring It On, Ghost","Bring It On, Ghost"
Bubble Gum,Bubble Gum
Bubbly Lovely,Bubbly Lovely
Bulgasal: Immortal Souls,Bulgasal: Immortal Souls
Business Proposal,Business Proposal
Café Minamdang,Café Minamdang
Call My Agent!,Call My Agent!
"Can We Fall in Love, Again?","Can We Fall in Love, Again?"
Can We Get Married?,Can We Get Married?
Can't Lose,Can't Lose
Can't Stand Anymore,Can't Stand Anymore
Capital Scandal,Capital Scandal
Casino,Casino
Catch the Ghost,Catch the Ghost
Cheat on Me If You Can,Cheat on Me If You Can
Cheer Up,Cheer Up
Cheer Up!,Cheer Up!
"Cheer Up, Mr. Kim!","Cheer Up, Mr. Kim!"
Cheese in the Trap,Cheese in the Trap
Cheongdam-dong Alice,Cheongdam-dong Alice
Cheongdam-dong Scandal,Cheongdam-dong Scandal
Cheo Yong,Cheo Yong
Chicago Typewriter,Chicago Typewriter
Chief of Staff,Chief of Staff
Children of a Lesser God,Children of a Lesser God
Children of Nobody,Children of Nobody
Children of the 20th Century,Children of the 20th Century
Chimera,Chimera
Chip In,Chip In
Choco Bank,Choco Bank
Chocolate,Chocolate
Chunja's Special Day,Chunja's Special Day
Cinderella with Four Knights,Cinderella with Four Knights
Circle,Circle
City Hunter,City Hunter
City of the Sun,City of the Sun
Class of Lies,Class of Lies
Clean with Passion for Now,Clean with Passion for Now
Cleaning Up,Cleaning Up
Coffee Prince,Coffee Prince
"Coffee, Do Me a Favor","Coffee, Do Me a Favor"
Color Rush,Color Rush
Coma,Coma
Come and Hug Me,Come and Hug Me
Come Back Mister,Come Back Mister
Confession,Confession
Connect,Connect
Conspiracy in the Court,Conspiracy in the Court
"Cool Guys, Hot Ramen","Cool Guys, Hot Ramen"
Couple or Trouble,Couple or Trouble
Crash Landing on You,Crash Landing on You
Crazy Love,Crazy Love
Criminal Minds,Criminal Minds
Cross,Cross
Cruel Love,Cruel Love
Cunning Single Lady,Cunning Single Lady
Curtain Call,Curtain Call
D.P.,D.P.
Dae Jang Geum,Dae Jang Geum
Dae Jang Geum Is Watching,Dae Jang Geum Is Watching
Dae Jo-yeong,Dae Jo-yeong
Daemyeong,Daemyeong
Dal-ja's Spring,Dal-ja's Spring
Dali and Cocky Prince,Dali and Cocky Prince
Damo,Damo
Dangerous Woman,Dangerous Woman
Daring Women,Daring Women
Dark Hole,Dark Hole
Dating Agency: Cyrano,Dating Agency: Cyrano
Dear Heaven,Dear Heaven
Dear My Friends,Dear My Friends
Dear X Who Doesn't Love Me,Dear X Who Doesn't Love Me
Dear. M,Dear. M
Deep Rooted Tree,Deep Rooted Tree
Definitely Neighbors,Definitely Neighbors
Delayed Justice,Delayed Justice
Delicious Proposal,Delicious Proposal
Delivery,Delivery
Descendants of the Sun,Descendants of the Sun
Designated Survivor: 60 Days,Designated Survivor: 60 Days
Devilish Charm,Devilish Charm
Diary of a Night Watchman,Diary of a Night Watchman
Diary of a Prosecutor,Diary of a Prosecutor
Did We Really Love?,Did We Really Love?
Different Dreams,Different Dreams
Dinner Mate,Dinner Mate
Discovery of Love,Discovery of Love
Distorted,Distorted
Divorce Lawyer in Love,Divorce Lawyer in Love
Do Do Sol Sol La La Sol,Do Do Sol Sol La La Sol
Do You Like Brahms?,Do You Like Brahms?
Doctor Detective,Doctor Detective
Doctor John,Doctor John
Doctor Lawyer,Doctor Lawyer
Doctor Prisoner,Doctor Prisoner
Doctor Stranger,Doctor Stranger
Dokgo Rewind,Dokgo Rewind
Don't Cry My Love,Don't Cry My Love
Don't Dare to Dream,Don't Dare to Dream
Don't Hesitate,Don't Hesitate
Don't Look Back: The Legend of Orpheus,Don't Look Back: The Legend of Orpheus
Doom at Your Service,Doom at Your Service
White Christmas,White Christmas
Dream,Dream
Dream High,Dream High
Dream High 2,Dream High 2
Dream of the Emperor,Dream of the Emperor
Drinking Solo,Drinking Solo
Dr. Brain,Dr. Brain
Dr. Frost,Dr. Frost
Dr. Ian,Dr. Ian
Dr. Jin,Dr. Jin
Dr. Kkang,Dr. Kkang
Dr. Park's Clinic,Dr. Park's Clinic
Dr. Romantic,Dr. Romantic
Duel,Duel
Dummy Mommy,Dummy Mommy
Eccentric! Chef Moon,Eccentric! Chef Moon
"Eight Days, Assassination Attempts against King Jeongjo","Eight Days, Assassination Attempts against King Jeongjo"
Emergency Couple,Emergency Couple
Emperor of the Sea,Emperor of the Sea
Empire of Gold,Empire of Gold
Empress Ki,Empress Ki
Empress Myeongseong,Empress Myeongseong
Enchanting Neighbor,Enchanting Neighbor
Encounter,Encounter
Endless Love,Endless Love
Summer Scent,Summer Scent
Enemies from the Past,Enemies from the Past
Entertainer,Entertainer
Entourage,Entourage
Erexion,Erexion
Eve,Eve
Evergreen,Evergreen
Everybody Say Kimchi,Everybody Say Kimchi
Exo Next Door,Exo Next Door
Extracurricular,Extracurricular
Extraordinary Attorney Woo,Extraordinary Attorney Woo
Extraordinary You,Extraordinary You
Ex-Girlfriends' Club,Ex-Girlfriends' Club
Eyes of Dawn,Eyes of Dawn
Faith,Faith
Falling for Challenge,Falling for Challenge
Familiar Wife,Familiar Wife
Family,Family
Family Secret,Family Secret
Family's Honor,Family's Honor
Fantastic,Fantastic
Fashion 70s,Fashion 70s
Fashion King,Fashion King
Fatal Promise,Fatal Promise
Fates & Furies,Fates & Furies
"Father, I'll Take Care of You","Father, I'll Take Care of You"
Father's House,Father's House
Feast of the Gods,Feast of the Gods
Feel Good to Die,Feel Good to Die
Fight for My Way,Fight for My Way
Find Me in Your Memory,Find Me in Your Memory
Fireworks,Fireworks
First Love,First Love
First Love Again,First Love Again
First Wives' Club,First Wives' Club
Five Enough,Five Enough
Five Fingers,Five Fingers
Flower Band,Flower Band
Flower Crew: Joseon Marriage Agency,Flower Crew: Joseon Marriage Agency
Flower Grandpa Investigation Unit,Flower Grandpa Investigation Unit
Flower of Evil,Flower of Evil
Flower of Queen,Flower of Queen
Flower of Revenge,Flower of Revenge
Flowers of the Prison,Flowers of the Prison
Fly High Butterfly,Fly High Butterfly
Forecasting Love and Weather,Forecasting Love and Weather
Forest,Forest
Forever Young,Forever Young
Foundation of the Kingdom,Foundation of the Kingdom
Four Sisters,Four Sisters
"Freedom Fighter, Lee Hoe-young","Freedom Fighter, Lee Hoe-young"
Freeze,Freeze
"From Now On, Showtime!","From Now On, Showtime!"
Full House Take 2,Full House Take 2
Gangnam Beauty,Gangnam Beauty
Gangnam Scandal,Gangnam Scandal
Gap-dong,Gap-dong
Get Revenge,Get Revenge
Get Up,Get Up
Ghost Doctor,Ghost Doctor
Girls' Generation 1979,Girls' Generation 1979
Glamorous Temptation,Glamorous Temptation
Glass Castle,Glass Castle
Glass Mask,Glass Mask
Glass Slippers,Glass Slippers
Glitch,Glitch
Gloria,Gloria
Glorious Day,Glorious Day
Glory Jane,Glory Jane
Go Back,Go Back
God of War,God of War
Goddess of Fire,Goddess of Fire
Goddess of Marriage,Goddess of Marriage
God's Gift: 14 Days,God's Gift: 14 Days
"Gogh, The Starry Night","Gogh, The Starry Night"
Gold Mask,Gold Mask
Golden Apple,Golden Apple
Golden Bride,Golden Bride
Golden Cross,Golden Cross
Golden Fish,Golden Fish
Golden Pouch,Golden Pouch
Golden Rainbow,Golden Rainbow
Golden Spoon,Golden Spoon
Golden Time,Golden Time
Good Casting,Good Casting
Good Doctor,Good Doctor
"Good Job, Good Job","Good Job, Good Job"
Good Manager,Good Manager
Goodbye Dear Wife,Goodbye Dear Wife
Goodbye Mr. Black,Goodbye Mr. Black
Goodbye My Love,Goodbye My Love
Goodbye Solo,Goodbye Solo
Goodbye to Goodbye,Goodbye to Goodbye
Graceful Family,Graceful Family
Graceful Friends,Graceful Friends
Gracious Revenge,Gracious Revenge
Grand Prince,Grand Prince
Green Mothers' Club,Green Mothers' Club
Grid,Grid
Gu Family Book,Gu Family Book
Guardian Angel,Guardian Angel
Guardian: The Lonely and Great God,Guardian: The Lonely and Great God
Gunman in Joseon,Gunman in Joseon
"Gwanggaeto, The Great Conqueror","Gwanggaeto, The Great Conqueror"
Gyebaek,Gyebaek
Haechi,Haechi
Happiness,Happiness
Happy Ending,Happy Ending
Happy Home,Happy Home
Happy Sisters,Happy Sisters
Happy Together,Happy Together
He Is Psychometric,He Is Psychometric
Healer,Healer
Heard It Through the Grapevine,Heard It Through the Grapevine
Heart Surgeons,Heart Surgeons
Heart to Heart,Heart to Heart
Heartless City,Heartless City
Heartstrings,Heartstrings
Hell Is Other People,Hell Is Other People
Hellbound,Hellbound
Hello Franceska,Hello Franceska
Hello Monster,Hello Monster
"Hello, Me!","Hello, Me!"
"Hello, My Twenties!","Hello, My Twenties!"
Her Private Life,Her Private Life
Here Comes Mr. Oh,Here Comes Mr. Oh
Here's My Plan,Here's My Plan
Hero,Hero
"Hi Bye, Mama!","Hi Bye, Mama!"
Hi! School: Love On,Hi! School: Love On
Hidden Identity,Hidden Identity
Hide and Seek,Hide and Seek
High Class,High Class
High End Crush,High End Crush
High Kick!,High Kick!
High Kick: Revenge of the Short Legged,High Kick: Revenge of the Short Legged
High School King of Savvy,High School King of Savvy
High Society,High Society
History of a Salaryman,History of a Salaryman
Hit the Top,Hit the Top
Hogu's Love,Hogu's Love
Hold Me Tight,Hold Me Tight
Hold My Hand,Hold My Hand
Home for Summer,Home for Summer
Homemade Love Story,Homemade Love Story
Hometown,Hometown
Hometown Cha-Cha-Cha,Hometown Cha-Cha-Cha
Hong Kong Express,Hong Kong Express
Hospital Playlist,Hospital Playlist
Hospital Ship,Hospital Ship
Hot Stove League,Hot Stove League
Hotel del Luna,Hotel del Luna
Hotel King,Hotel King
Hotelier,Hotelier
House of Bluebird,House of Bluebird
How Are U Bread,How Are U Bread
How Long I've Kissed,How Long I've Kissed
How to Be Thirty,How to Be Thirty
How to Buy a Friend,How to Buy a Friend
How to Meet a Perfect Neighbor,How to Meet a Perfect Neighbor
How Should I Be,How Should I Be
Hur Jun,Hur Jun
"Hur Jun, The Original Story","Hur Jun, The Original Story"
Hush,Hush
Hwarang: The Poet Warrior Youth,Hwarang: The Poet Warrior Youth
"Hyde Jekyll, Me","Hyde Jekyll, Me"
Hyena,Hyena
I Can Hear Your Voice,I Can Hear Your Voice
"I Do, I Do","I Do, I Do"
I Have a Lover,I Have a Lover
I Like You,I Like You
I Love Lee Taly,I Love Lee Taly
I Need Romance,I Need Romance
I Need Romance 2012,I Need Romance 2012
I Need Romance 3,I Need Romance 3
I Order You,I Order You
I Picked Up a Celebrity on the Street,I Picked Up a Celebrity on the Street
I Wanna Hear Your Song,I Wanna Hear Your Song
I'm After You,I'm After You
I'm Not a Robot,I'm Not a Robot
"I'm Sorry, But I Love You","I'm Sorry, But I Love You"
"I'm Sorry, I Love You","I'm Sorry, I Love You"
Ice Adonis,Ice Adonis
Idol Drama Operation Team,Idol Drama Operation Team
Idol: The Coup,Idol: The Coup
If Tomorrow Comes,If Tomorrow Comes
If You Wish Upon Me,If You Wish Upon Me
Iljimae,Iljimae
Imaginary Cat,Imaginary Cat
Imitation,Imitation
Immortal Admiral Yi Sun-sin,Immortal Admiral Yi Sun-sin
In-soon Is Pretty,In-soon Is Pretty
Incarnation of Money,Incarnation of Money
Innocent Defendant,Innocent Defendant
Insider,Insider
Inspector Koo,Inspector Koo
Inspiring Generation,Inspiring Generation
"Insu, the Queen Mother","Insu, the Queen Mother"
Into the Flames,Into the Flames
Introverted Boss,Introverted Boss
Ireland,Ireland
Iris,Iris
Iris II: New Generation,Iris II: New Generation
Island,Island
Itaewon Class,Itaewon Class
Item,Item
It's Beautiful Now,It's Beautiful Now
It's My Life,It's My Life
It's Okay to Not Be Okay,It's Okay to Not Be Okay
"It's Okay, That's Love","It's Okay, That's Love"
Jang Bo-ri Is Here!,Jang Bo-ri Is Here!
"Jang Ok-jung, Living by Love","Jang Ok-jung, Living by Love"
Jeong Do-jeon,Jeong Do-jeon
Ji Woon-soo's Stroke of Luck,Ji Woon-soo's Stroke of Luck
Jinxed at First,Jinxed at First
Jirisan,Jirisan
Jolly Widows,Jolly Widows
Joseon Exorcist,Joseon Exorcist
Joseon Survival Period,Joseon Survival Period
JTBC Drama Festa,JTBC Drama Festa
Judge vs. Judge,Judge vs. Judge
Jugglers,Jugglers
Jump,Jump
Jungle Fish,Jungle Fish
Just Dance,Just Dance
Justice,Justice
Juvenile Justice,Juvenile Justice
Kairos,Kairos
My Prettiest Moments,My Prettiest Moments
A Sea of Her Own,A Sea of Her Own
Dal Soon's Spring,Dal Soon's Spring
Dear My Sister,Dear My Sister
Eunhui,Eunhui
In Still Green Days,In Still Green Days
Land of Gold,Land of Gold
My Mind's Flower Rain,My Mind's Flower Rain
Samsaengi,Samsaengi
Single-minded Dandelion,Single-minded Dandelion
Sunok,Sunok
That Sun in the Sky,That Sun in the Sky
The Stars Are Shining,The Stars Are Shining
Kill Heel,Kill Heel
Kill It,Kill It
"Kill Me, Heal Me","Kill Me, Heal Me"
Kim Is a Genius,Kim Is a Genius
Kimchi Cheese Smile,Kimchi Cheese Smile
Kimchi Family,Kimchi Family
King of Ambition,King of Ambition
Kingdom,Kingdom
Kingmaker: The Change of Destiny,Kingmaker: The Change of Destiny
Kiss Sixth Sense,Kiss Sixth Sense
Kkondae Intern,Kkondae Intern
Korean Peninsula,Korean Peninsula
L.U.C.A.: The Beginning,L.U.C.A.: The Beginning
Lady Cha Dal-rae's Lover,Lady Cha Dal-rae's Lover
Land of Wine,Land of Wine
Last,Last
Late Night Restaurant,Late Night Restaurant
Law School,Law School
Lawless Lawyer,Lawless Lawyer
Lawyers,Lawyers
Left-Handed Wife,Left-Handed Wife
Legal High,Legal High
Legend of Hyang Dan,Legend of Hyang Dan
Less Than Evil,Less Than Evil
Let Me Be Your Knight,Let Me Be Your Knight
Let Me Introduce Her,Let Me Introduce Her
Let's Eat,Let's Eat
Let's Eat 2,Let's Eat 2
Let's Eat 3,Let's Eat 3
Level Up,Level Up
Leverage,Leverage
Liar Game,Liar Game
Lie After Lie,Lie After Lie
Lie to Me,Lie to Me
Life,Life
Life Is Beautiful,Life Is Beautiful
Life on Mars,Life on Mars
Lights and Shadows,Lights and Shadows
Light on Me,Light on Me
Likeable or Not,Likeable or Not
"Link: Eat, Love, Kill","Link: Eat, Love, Kill"
Listen to Love,Listen to Love
Listen to My Heart,Listen to My Heart
Little Women,Little Women
Live,Live
Live On,Live On
Live Up to Your Name,Live Up to Your Name
Liver or Die,Liver or Die
Living Among the Rich,Living Among the Rich
Living in Style,Living in Style
Lobbyist,Lobbyist
Local Hero,Local Hero
Look Back in Anger,Look Back in Anger
Loss Time Life,Loss Time Life
Lost,Lost
Love & Secret,Love & Secret
Love (ft. Marriage and Divorce),Love (ft. Marriage and Divorce)
Love Again,Love Again
Love Alarm,Love Alarm
Love Alert,Love Alert
Love All Play,Love All Play
Love and Obsession,Love and Obsession
Love Can't Wait,Love Can't Wait
Love for a Thousand More,Love for a Thousand More
Love in 3 Colors,Love in 3 Colors
Love in Her Bag,Love in Her Bag
Love in Sadness,Love in Sadness
Love in the Moonlight,Love in the Moonlight
Love Me When You Can,Love Me When You Can
Love on a Rooftop,Love on a Rooftop
Love Playlist,Love Playlist
Love Rain,Love Rain
Love Returns,Love Returns
Love Revolution,Love Revolution
Love Scene Number,Love Scene Number
Love to Hate You,Love to Hate You
Love to the End,Love to the End
Love Twist,Love Twist
Love with Flaws,Love with Flaws
Loveholic,Loveholic
Lovely Horribly,Lovely Horribly
Lovers,Lovers
Lovers in Bloom,Lovers in Bloom
Lovers in Paris,Lovers in Paris
Lovers in Prague,Lovers in Prague
Lovers of Haeundae,Lovers of Haeundae
Lovers of Music,Lovers of Music
Lovers of the Red Sky,Lovers of the Red Sky
Lovestruck in the City,Lovestruck in the City
Lucky Romance,Lucky Romance
Ma Boy,Ma Boy
Mad Dog,Mad Dog
Madame Antoine: The Love Therapist,Madame Antoine: The Love Therapist
Magic Cellphone,Magic Cellphone
Magic Kid Masuri,Magic Kid Masuri
Make a Woman Cry,Make a Woman Cry
Make Your Wish,Make Your Wish
Mama,Mama
Man from the Equator,Man from the Equator
Man in a Veil,Man in a Veil
Man in the Kitchen,Man in the Kitchen
Man to Man,Man to Man
Man Who Dies to Live,Man Who Dies to Live
Manhole,Manhole
Manny,Manny
Marriage Contract,Marriage Contract
"Marriage, Not Dating","Marriage, Not Dating"
Marry Him If You Dare,Marry Him If You Dare
Marry Me Now,Marry Me Now
Marrying a Millionaire,Marrying a Millionaire
Marrying My Daughter Twice,Marrying My Daughter Twice
Mask,Mask
Master's Sun,Master's Sun
Matrimonial Chaos,Matrimonial Chaos
May Queen,May Queen
"Me Too, Flower!","Me Too, Flower!"
Medical Top Team,Medical Top Team
Melancholia,Melancholia
Melody of Love,Melody of Love
Meloholic,Meloholic
Melting Me Softly,Melting Me Softly
Memories of the Alhambra,Memories of the Alhambra
Memorials,Memorials
Memorist,Memorist
Memory,Memory
Men Are Men,Men Are Men
Mental Coach Je Gal-gil,Mental Coach Je Gal-gil
Merry Mary,Merry Mary
Military Prosecutor Doberman,Military Prosecutor Doberman
Mimi,Mimi
Mina,Mina
Mine,Mine
Misaeng: Incomplete Life,Misaeng: Incomplete Life
Miss Ajumma,Miss Ajumma
Miss Korea,Miss Korea
Miss Lee,Miss Lee
Miss Mamma Mia,Miss Mamma Mia
Miss Mermaid,Miss Mermaid
Miss Monte-Cristo,Miss Monte-Cristo
Miss Panda and Mr. Hedgehog,Miss Panda and Mr. Hedgehog
Miss Ripley,Miss Ripley
Missing 9,Missing 9
Missing You,Missing You
Missing: The Other Side,Missing: The Other Side
Mistress,Mistress
Misty,Misty
Model,Model
Modern Farmer,Modern Farmer
Mom Has an Affair,Mom Has an Affair
Mom's Dead Upset,Mom's Dead Upset
Money Flower,Money Flower
Money Game,Money Game
Money Heist: Korea – Joint Economic Area,Money Heist: Korea – Joint Economic Area
Monstar,Monstar
Monster,Monster
Monstrous,Monstrous
Monthly Magazine Home,Monthly Magazine Home
Moon Embracing the Sun,Moon Embracing the Sun
Moon Lovers: Scarlet Heart Ryeo,Moon Lovers: Scarlet Heart Ryeo
Moonshine,Moonshine
Moorim School: Saga of the Brave,Moorim School: Saga of the Brave
More Than a Maid,More Than a Maid
More Than Friends,More Than Friends
Mother of Mine,Mother of Mine
Mother's Garden,Mother's Garden
Mouse,Mouse
Move to Heaven,Move to Heaven
Moving,Moving
Mr. Back,Mr. Back
Mr. Duke,Mr. Duke
Mr. Queen,Mr. Queen
Mr. Sunshine,Mr. Sunshine
Mrs. Cop,Mrs. Cop
Mrs. Cop 2,Mrs. Cop 2
Ms. Hammurabi,Ms. Hammurabi
"Ms. Ma, Nemesis","Ms. Ma, Nemesis"
Ms. Perfect,Ms. Perfect
My Absolute Boyfriend,My Absolute Boyfriend
My Beautiful Bride,My Beautiful Bride
My Beloved Sister,My Beloved Sister
"My Contracted Husband, Mr. Oh","My Contracted Husband, Mr. Oh"
My Country: The New Age,My Country: The New Age
My Dangerous Wife,My Dangerous Wife
My Daughter the Flower,My Daughter the Flower
"My Daughter, Geum Sa-wol","My Daughter, Geum Sa-wol"
My Dear Cat,My Dear Cat
My Fair Lady,My Fair Lady
My Father Is Strange,My Father Is Strange
My Fellow Citizens!,My Fellow Citizens!
My First First Love,My First First Love
My First Love,My First Love
My First Time,My First Time
My Golden Life,My Golden Life
My Healing Love,My Healing Love
My Heart Twinkle Twinkle,My Heart Twinkle Twinkle
My Holo Love,My Holo Love
My Horrible Boss,My Horrible Boss
My Husband Got a Family,My Husband Got a Family
My Husband's Woman,My Husband's Woman
My Kids Give Me a Headache,My Kids Give Me a Headache
"My Lawyer, Mr. Jo","My Lawyer, Mr. Jo"
"My Lawyer, Mr. Jo 2: Crime and Punishment","My Lawyer, Mr. Jo 2: Crime and Punishment"
My Liberation Notes,My Liberation Notes
My Little Baby,My Little Baby
My Love By My Side,My Love By My Side
My Love from the Star,My Love from the Star
My Love Patzzi,My Love Patzzi
My Lovely Girl,My Lovely Girl
My Mister,My Mister
My Mother Is a Daughter-in-law,My Mother Is a Daughter-in-law
My Name,My Name
My Only Love Song,My Only Love Song
My Only One,My Only One
My Roommate Is a Gumiho,My Roommate Is a Gumiho
My Rosy Life,My Rosy Life
My Runway,My Runway
My Sassy Girl,My Sassy Girl
My Secret Hotel,My Secret Hotel
My Secret Romance,My Secret Romance
My Secret Terrius,My Secret Terrius
My Spring Days,My Spring Days
My Strange Hero,My Strange Hero
My Too Perfect Sons,My Too Perfect Sons
My Unfamiliar Family,My Unfamiliar Family
My Unfortunate Boyfriend,My Unfortunate Boyfriend
Mysterious Personal Shopper,Mysterious Personal Shopper
Mystic Pop-up Bar,Mystic Pop-up Bar
Naeil's Cantabile,Naeil's Cantabile
Naked Fireman,Naked Fireman
Navillera,Navillera
Never Twice,Never Twice
Nevertheless,Nevertheless
New Heart,New Heart
Nice Witch,Nice Witch
Night Light,Night Light
Nine,Nine
No Matter What,No Matter What
"No, Thank You","No, Thank You"
"Noble, My Love","Noble, My Love"
Nobody Knows,Nobody Knows
Nokdu Flower,Nokdu Flower
Nonstop,Nonstop
"Now, We Are Breaking Up","Now, We Are Breaking Up"
Oh Feel Young,Oh Feel Young
Oh My Baby,Oh My Baby
Oh My Ghost,Oh My Ghost
Oh My Ladylord,Oh My Ladylord
Oh My Venus,Oh My Venus
Oh! My Lady,Oh! My Lady
"Oh, the Mysterious","Oh, the Mysterious"
Ohlala Couple,Ohlala Couple
Ojakgyo Family,Ojakgyo Family
On Air,On Air
On the Verge of Insanity,On the Verge of Insanity
On the Way to the Airport,On the Way to the Airport
Once Again,Once Again
One Fine Day,One Fine Day
One More Happy Ending,One More Happy Ending
One More Time,One More Time
One Ordinary Day,One Ordinary Day
One Spring Night,One Spring Night
One Sunny Day,One Sunny Day
One the Woman,One the Woman
One Thousand Won Lawyer,One Thousand Won Lawyer
One Warm Word,One Warm Word
One Well-Raised Daughter,One Well-Raised Daughter
Only Love,Only Love
Only You,Only You
Operation Proposal,Operation Proposal
Orange Marmalade,Orange Marmalade
Our Beloved Summer,Our Beloved Summer
Our Blues,Our Blues
Our Gap-soon,Our Gap-soon
Over the Rainbow,Over the Rainbow
Pachinko,Pachinko
Padam Padam,Padam Padam
Papa,Papa
Partners for Justice,Partners for Justice
Passionate Love,Passionate Love
Pegasus Market,Pegasus Market
Perfume,Perfume
Persona,Persona
Phantom,Phantom
Phoenix,Phoenix
Phoenix 2020,Phoenix 2020
Piano,Piano
Pied Piper,Pied Piper
Pink Lipstick,Pink Lipstick
Pinocchio,Pinocchio
Player,Player
"Please Come Back, Soon-ae","Please Come Back, Soon-ae"
Please Don't Date Him,Please Don't Date Him
Plus Nine Boys,Plus Nine Boys
Police University,Police University
"Poong, the Joseon Psychiatrist","Poong, the Joseon Psychiatrist"
Poseidon,Poseidon
Possessed,Possessed
Potato Star 2013QR3,Potato Star 2013QR3
Pots of Gold,Pots of Gold
Precious Family,Precious Family
Pride and Prejudice,Pride and Prejudice
Priest,Priest
Prime Minister & I,Prime Minister & I
Princess Aurora,Princess Aurora
Princess Hours,Princess Hours
Prison Playbook,Prison Playbook
Private Lives,Private Lives
Protect the Boss,Protect the Boss
Psychopath Diary,Psychopath Diary
Punch,Punch
Pure Love,Pure Love
Pure Pumpkin Flower,Pure Pumpkin Flower
Que Sera Sera,Que Sera Sera
Queen and I,Queen and I
Queen for Seven Days,Queen for Seven Days
Queen of Mystery,Queen of Mystery
Queen of Mystery 2,Queen of Mystery 2
Queen: Love and War,Queen: Love and War
Quiz of God,Quiz of God
Racket Boys,Racket Boys
Radiant Office,Radiant Office
Radio Romance,Radio Romance
Rain or Shine,Rain or Shine
Record of Youth,Record of Youth
Red Shoes,Red Shoes
Reflection of You,Reflection of You
Remarriage & Desires,Remarriage & Desires
Remember,Remember
Replay: The Moment,Replay: The Moment
Reply Series,Reply Series
Reply 1988,Reply 1988
Reply 1994,Reply 1994
Reply 1997,Reply 1997
Reset,Reset
Resurrection,Resurrection
Return,Return
Reunited Worlds,Reunited Worlds
Reverse,Reverse
Revolutionary Love,Revolutionary Love
Revolutionary Sisters,Revolutionary Sisters
Rich Man,Rich Man
Righteous Love,Righteous Love
Risky Romance,Risky Romance
River Where the Moon Rises,River Where the Moon Rises
Robber,Robber
Romance,Romance
Romance Is a Bonus Book,Romance Is a Bonus Book
Romance Town,Romance Town
Rooftop Prince,Rooftop Prince
Rookie Historian Goo Hae-ryung,Rookie Historian Goo Hae-ryung
Rookie Cops,Rookie Cops
Room No. 9,Room No. 9
Rose Mansion,Rose Mansion
Rosy Lovers,Rosy Lovers
Royal Secret Agent,Royal Secret Agent
Ruby Ring,Ruby Ring
Ruby Ruby Love,Ruby Ruby Love
Rugal,Rugal
Ruler of Your Own World,Ruler of Your Own World
Run On,Run On
"Run, Jang-mi","Run, Jang-mi"
Rustic Period,Rustic Period
Sad Love Story,Sad Love Story
"Saimdang, Memoir of Colors","Saimdang, Memoir of Colors"
Salamander Guru and The Shadows,Salamander Guru and The Shadows
Salut D'Amour,Salut D'Amour
Sandglass,Sandglass
Save Me,Save Me
Save Me 2,Save Me 2
Save the Family,Save the Family
Save the Last Dance for Me,Save the Last Dance for Me
Say It with Your Eyes,Say It with Your Eyes
Scent of a Woman,Scent of a Woman
School 2013,School 2013
School 2017,School 2017
School 2021,School 2021
Who Are You: School 2015,Who Are You: School 2015
Schoolgirl Detectives,Schoolgirl Detectives
Search,Search
Search: WWW,Search: WWW
Second 20s,Second 20s
Second to Last Love,Second to Last Love
Secret,Secret
Secret Affair,Secret Affair
Secret Boutique,Secret Boutique
Secret Door,Secret Door
Secret Healer,Secret Healer
Secret Love,Secret Love
Secret Mother,Secret Mother
Secret Royal Inspector & Joy,Secret Royal Inspector & Joy
Secrets and Lies,Secrets and Lies
Secrets of Women,Secrets of Women
Sell Your Haunted House,Sell Your Haunted House
Semantic Error,Semantic Error
Seoul 1945,Seoul 1945
"Seoyoung, My Daughter","Seoyoung, My Daughter"
She Knows Everything,She Knows Everything
She Was Pretty,She Was Pretty
She Would Never Know,She Would Never Know
Shine or Go Crazy,Shine or Go Crazy
Shining Romance,Shining Romance
Shopping King Louie,Shopping King Louie
Short,Short
Should We Kiss First?,Should We Kiss First?
Show Window: The Queen's House,Show Window: The Queen's House
Sh**ting Stars,Sh**ting Stars
Signal,Signal
Sin Don,Sin Don
Single Dad in Love,Single Dad in Love
Sisters of the Sea,Sisters of the Sea
Sisyphus: The Myth,Sisyphus: The Myth
Six Flying Dragons,Six Flying Dragons
Sketch,Sketch
Sky Castle,Sky Castle
Smile Again,Smile Again
"Smile, Mom","Smile, Mom"
Snow Flower,Snow Flower
Snowdrop,Snowdrop
So I Married the Anti-fan,So I Married the Anti-fan
So Not Worth It,So Not Worth It
Solomon's Perjury,Solomon's Perjury
Somebody,Somebody
Someday,Someday
Something About 1%,Something About 1%
Something About 1 Percent,Something About 1 Percent
Something About Us,Something About Us
Something Happened in Bali,Something Happened in Bali
Something in the Rain,Something in the Rain
Songgot: The Piercer,Songgot: The Piercer
Soul Mechanic,Soul Mechanic
Soundtrack 1,Soundtrack 1
Special Affairs Team TEN,Special Affairs Team TEN
Special Labor Inspector,Special Labor Inspector
Splendid Politics,Splendid Politics
Sponsor,Sponsor
Spotlight,Spotlight
Spring Day,Spring Day
Spring Turns to Spring,Spring Turns to Spring
Spy,Spy
Spy Myung-wol,Spy Myung-wol
Squad 38,Squad 38
Squid Game,Squid Game
Stained Glass,Stained Glass
Standby,Standby
Star in My Heart,Star in My Heart
Stars Falling from the Sky,Stars Falling from the Sky
Start-Up,Start-Up
Star's Echo,Star's Echo
Star's Lover,Star's Lover
Steal Heart,Steal Heart
Still 17,Still 17
Still You,Still You
Stranger,Stranger
Strong Girl Bong-soon,Strong Girl Bong-soon
Strongest Deliveryman,Strongest Deliveryman
Suits,Suits
Sunlight Pours Down,Sunlight Pours Down
Sunny Again Tomorrow,Sunny Again Tomorrow
Super Daddy Yeol,Super Daddy Yeol
Super Rookie,Super Rookie
Surgeon Bong Dal-hee,Surgeon Bong Dal-hee
Suspicious Partner,Suspicious Partner
Sweden Laundry,Sweden Laundry
Sweet Buns,Sweet Buns
Sweet Enemy,Sweet Enemy
Sweet Home,Sweet Home
"Sweet Home, Sweet Honey","Sweet Home, Sweet Honey"
Sweet Munchies,Sweet Munchies
Sweet Revenge,Sweet Revenge
Sweet Revenge 2,Sweet Revenge 2
Sweet Spy,Sweet Spy
Sweet Stranger and Me,Sweet Stranger and Me
"Sweet, Savage Family","Sweet, Savage Family"
Switch,Switch
Syndrome,Syndrome
Taejo Wang Geon,Taejo Wang Geon
"Take Care of Us, Captain","Take Care of Us, Captain"
Tale of Fairy,Tale of Fairy
Tale of the Nine Tailed,Tale of the Nine Tailed
Tasty Life,Tasty Life
Taxi Driver,Taxi Driver
Tazza,Tazza
Team Bulldog: Off-Duty Investigation,Team Bulldog: Off-Duty Investigation
Tears of Heaven,Tears of Heaven
Tears of the Dragon,Tears of the Dragon
Tell Me What You Saw,Tell Me What You Saw
Temperature of Love,Temperature of Love
Temptation,Temptation
Temptation of Wife,Temptation of Wife
Tempted,Tempted
Terroir,Terroir
Thank You,Thank You
"That Winter, the Wind Blows","That Winter, the Wind Blows"
The Accidental Narco,The Accidental Narco
The All-Round Wife,The All-Round Wife
The Banker,The Banker
The Beauty Inside,The Beauty Inside
The Birth of a Family,The Birth of a Family
The Blade and Petal,The Blade and Petal
The Bride of Habaek,The Bride of Habaek
The Chaser,The Chaser
The Clinic for Married Couples: Love and War,The Clinic for Married Couples: Love and War
The Cursed,The Cursed
The Crowned Clown,The Crowned Clown
The Dawn of the Empire,The Dawn of the Empire
The Devil,The Devil
The Devil Judge,The Devil Judge
The Doctors,The Doctors
The Eldest,The Eldest
The Emperor: Owner of the Mask,The Emperor: Owner of the Mask
The Empire of Law,The Empire of Law
The End of the World,The End of the World
The Family is Coming,The Family is Coming
The Fiery Priest,The Fiery Priest
The Forbidden Marriage,The Forbidden Marriage
The Fugitive of Joseon,The Fugitive of Joseon
The Game: Towards Zero,The Game: Towards Zero
The Gentlemen of Wolgyesu Tailor Shop,The Gentlemen of Wolgyesu Tailor Shop
The Ghost Detective,The Ghost Detective
The Good Detective,The Good Detective
The Good Wife,The Good Wife
"The Great King, Sejong","The Great King, Sejong"
The Great Merchant,The Great Merchant
The Great Seer,The Great Seer
The Great Shaman Ga Doo-shim,The Great Shaman Ga Doo-shim
The Great Show,The Great Show
The Greatest Love,The Greatest Love
The Greatest Marriage,The Greatest Marriage
The Guardians,The Guardians
The Guest,The Guest
The Heirs,The Heirs
The Hymn of Death,The Hymn of Death
The Idle Mermaid,The Idle Mermaid
The Idolmaster KR,The Idolmaster KR
The Innocent Man,The Innocent Man
The Jingbirok: A Memoir of Imjin War,The Jingbirok: A Memoir of Imjin War
The K2,The K2
The Killer's Shopping List,The Killer's Shopping List
The King 2 Hearts,The King 2 Hearts
The King and I,The King and I
The King and the Queen,The King and the Queen
The King in Love,The King in Love
The King of Chudong Palace,The King of Chudong Palace
The King of Dramas,The King of Dramas
The King of Pigs,The King of Pigs
"The King of Tears, Lee Bang-won","The King of Tears, Lee Bang-won"
The King: Eternal Monarch,The King: Eternal Monarch
The King's Affection,The King's Affection
"The King's Daughter, Soo Baek-hyang","The King's Daughter, Soo Baek-hyang"
The King's Doctor,The King's Doctor
The King's Face,The King's Face
The Lady in Dignity,The Lady in Dignity
The Last Empress,The Last Empress
The Last Match,The Last Match
The Law Cafe,The Law Cafe
The Legend of the Blue Sea,The Legend of the Blue Sea
The Liar and His Lover,The Liar and His Lover
The Lies Within,The Lies Within
The Light in Your Eyes,The Light in Your Eyes
The Lover,The Lover
The Man in the Mask,The Man in the Mask
The Master of Revenge,The Master of Revenge
The Merchant,The Merchant
The Merchant: Gaekju 2015,The Merchant: Gaekju 2015
The Miracle,The Miracle
The Miracle We Met,The Miracle We Met
The Most Beautiful Goodbye,The Most Beautiful Goodbye
The Musical,The Musical
The Mysterious Class,The Mysterious Class
The Noblesse,The Noblesse
The One and Only,The One and Only
The Package,The Package
The Penthouse: War in Life,The Penthouse: War in Life
The Police Station Next to the Fire Station,The Police Station Next to the Fire Station
The Princess' Man,The Princess' Man
The Producers,The Producers
The Promise,The Promise
The Queen of Office,The Queen of Office
The Queen's Classroom,The Queen's Classroom
The Rebel,The Rebel
The Red Sleeve,The Red Sleeve
The Reputable Family,The Reputable Family
The Return of Hwang Geum-bok,The Return of Hwang Geum-bok
The Rich Son,The Rich Son
The Road Home,The Road Home
The Road: The Tragedy of One,The Road: The Tragedy of One
The Royal Gambler,The Royal Gambler
The Running Mates: Human Rights,The Running Mates: Human Rights
The Scandal,The Scandal
The Scholar Who Walks the Night,The Scholar Who Walks the Night
The School Nurse Files,The School Nurse Files
The Second Husband,The Second Husband
The Secret House,The Secret House
The Secret Life of My Secretary,The Secret Life of My Secretary
The Secret Lovers,The Secret Lovers
The Secret of Birth,The Secret of Birth
The Secret of My Love,The Secret of My Love
The Silent Sea,The Silent Sea
The Smile Has Left Your Eyes,The Smile Has Left Your Eyes
The Sound of Magic,The Sound of Magic
The Sound of Your Heart,The Sound of Your Heart
The Spies Who Loved Me,The Spies Who Loved Me
The Suspicious Housekeeper,The Suspicious Housekeeper
The Tale of Nokdu,The Tale of Nokdu
The Third Charm,The Third Charm
The Third Hospital,The Third Hospital
The Three Musketeers,The Three Musketeers
The Time We Were Not in Love,The Time We Were Not in Love
The Uncanny Counter,The Uncanny Counter
The Undateables,The Undateables
The Vampire Detective,The Vampire Detective
The Veil,The Veil
The Village: Achiara's Secret,The Village: Achiara's Secret
The Virtual Bride,The Virtual Bride
The Virus,The Virus
The Wedding Scheme,The Wedding Scheme
The Wind Blows,The Wind Blows
The Witch's Diner,The Witch's Diner
The World of the Married,The World of the Married
The Youngest Son of a Conglomerate,The Youngest Son of a Conglomerate
Thirty-Nine,Thirty-Nine
This Is My Love,This Is My Love
Thousand Years of Love,Thousand Years of Love
Three Color Fantasy,Three Color Fantasy
Queen of the Ring,Queen of the Ring
Romance Full of Life,Romance Full of Life
The Universe's Star,The Universe's Star
Three Days,Three Days
Three Friends,Three Friends
Three Sisters,Three Sisters
Thrice Married Woman,Thrice Married Woman
Through the Darkness,Through the Darkness
Times,Times
To My Beloved,To My Beloved
To the Beautiful You,To the Beautiful You
Today's Webtoon,Today's Webtoon
"Toji, the Land","Toji, the Land"
Tokyo Sun Shower,Tokyo Sun Shower
Tomorrow,Tomorrow
Tomorrow Boy,Tomorrow Boy
"Tomorrow, with You","Tomorrow, with You"
Top Management,Top Management
Top Star U-back,Top Star U-back
Touch,Touch
Touch Your Heart,Touch Your Heart
Tracer,Tracer
Train,Train
Trap,Trap
Triangle,Triangle
Trio,Trio
Trolley,Trolley
True Beauty,True Beauty
True Sword Battle,True Sword Battle
Tunnel,Tunnel
Twelve Nights,Twelve Nights
Two Cops,Two Cops
Two Mothers,Two Mothers
Two Weeks,Two Weeks
Two Wives,Two Wives
Two Women's Room,Two Women's Room
Ugly Alert,Ugly Alert
Ugly Miss Young-ae,Ugly Miss Young-ae
Unasked Family,Unasked Family
Uncle,Uncle
Uncontrollably Fond,Uncontrollably Fond
Undercover,Undercover
Unkind Ladies,Unkind Ladies
Unknown Woman,Unknown Woman
Unstoppable Marriage,Unstoppable Marriage
Until the Azalea Blooms,Until the Azalea Blooms
Untouchable,Untouchable
Vagabond,Vagabond
Vampire Idol,Vampire Idol
Vampire Prosecutor,Vampire Prosecutor
Vincenzo,Vincenzo
VIP,VIP
Voice,Voice
W,W
Wang's Family,Wang's Family
Want a Taste?,Want a Taste?
Wanted,Wanted
War of Money,War of Money
Warm and Cozy,Warm and Cozy
Warrior Baek Dong-soo,Warrior Baek Dong-soo
Was It Love?,Was It Love?
Watcher,Watcher
We Are Dating Now,We Are Dating Now
We Broke Up,We Broke Up
Webtoon Hero Toondra Show,Webtoon Hero Toondra Show
Wedding,Wedding
Wednesday 3:30 PM,Wednesday 3:30 PM
Weightlifting Fairy Kim Bok-joo,Weightlifting Fairy Kim Bok-joo
Welcome,Welcome
Welcome 2 Life,Welcome 2 Life
Welcome Rain to My Life,Welcome Rain to My Life
Welcome to Waikiki,Welcome to Waikiki
Welcome to Waikiki 2,Welcome to Waikiki 2
Welcome to Wedding Hell,Welcome to Wedding Hell
West Palace,West Palace
What Happens to My Family?,What Happens to My Family?
What's for Dinner?,What's for Dinner?
What's Up,What's Up
What's Up Fox,What's Up Fox
What's Wrong with Secretary Kim,What's Wrong with Secretary Kim
When a Man Falls in Love,When a Man Falls in Love
When I Was the Most Beautiful,When I Was the Most Beautiful
When My Love Blooms,When My Love Blooms
When the Camellia Blooms,When the Camellia Blooms
When the Devil Calls Your Name,When the Devil Calls Your Name
When the Weather Is Fine,When the Weather Is Fine
When Women Powder Twice,When Women Powder Twice
Where Stars Land,Where Stars Land
Where Your Eyes Linger,Where Your Eyes Linger
Which Star Are You From,Which Star Are You From
While You Were Sleeping,While You Were Sleeping
Whisper,Whisper
White Nights 3.98,White Nights 3.98
Who Are You?,Who Are You?
Why Her,Why Her
Wife Returns,Wife Returns
Wild Romance,Wild Romance
Witch at Court,Witch at Court
Witch's Love,Witch's Love
Wok of Love,Wok of Love
Woman of 9.9 Billion,Woman of 9.9 Billion
"Woman of Matchless Beauty, Park Jung-geum","Woman of Matchless Beauty, Park Jung-geum"
Woman with a Suitcase,Woman with a Suitcase
Women in the Sun,Women in the Sun
Wonderful Days,Wonderful Days
Wonderful Mama,Wonderful Mama
Woori the Virgin,Woori the Virgin
"Work Later, Drink Now","Work Later, Drink Now"
Working Mom,Working Mom
Working Mom Parenting Daddy,Working Mom Parenting Daddy
Wuri's Family,Wuri's Family
XX,XX
Yeon Gaesomun,Yeon Gaesomun
Yeonnam-dong 539,Yeonnam-dong 539
YG Future Strategy Office,YG Future Strategy Office
Yong-pal,Yong-pal
You and I,You and I
You Are a Gift,You Are a Gift
You Are My Destiny,You Are My Destiny
You Are My Spring,You Are My Spring
You Are the Best!,You Are the Best!
You Are the Boss!,You Are the Boss!
You Are the Only One,You Are the Only One
You Are Too Much,You Are Too Much
You Don't Know Women,You Don't Know Women
You Drive Me Crazy,You Drive Me Crazy
You're All Surrounded,You're All Surrounded
You're Beautiful,You're Beautiful
You're Only Mine,You're Only Mine
Young Lady and Gentleman,Young Lady and Gentleman
Your Honor,Your Honor
Your House Helper,Your House Helper
Your Lady,Your Lady
Your Neighbor's Wife,Your Neighbor's Wife
Youth,Youth
Youth of May,Youth of May
Yumi's Cells,Yumi's Cells
Zombie Detective,Zombie Detective
