tag,0
amnesia,amnesia
hidden identity,hidden identity
marriage of convenience,marriage of convenience
joseon dynasty,joseon dynasty
fake marriage,fake marriage
eccentric male lead,eccentric male lead
hardworking female lead,hardworking female lead
double identity,double identity
strong female lead,strong female lead
riches to rags ,riches to rags 
writer female lead ,writer female lead 
unexpected pregnancy,unexpected pregnancy
miscarriage,miscarriage
teenage pregnancy,teenage pregnancy
pregnancy,pregnancy
high school to working life,high school to working life
rags to riches,rags to riches
high school,high school
rich male lead,rich male lead
first love,first love
soap opera ,soap opera 
second chance,second chance
father-son relationship,father-son relationship
divorce,divorce
father-daughter relationship,father-daughter relationship
mother-daughter relationship,mother-daughter relationship
school,school
becoming young,becoming young
school bullying ,school bullying 
time travel,time travel
nice male lead,nice male lead
suspense,suspense
murder,murder
fate,fate
supernatural,supernatural
lying,lying
bromance,bromance
strong male lead ,strong male lead 
manager supporting character,manager supporting character
single father,single father
widower,widower
entrepreneur,entrepreneur
wrongfully accused,wrongfully accused
accident,accident
poor female lead,poor female lead
corruption,corruption
cohabitation ,cohabitation 
massacre,massacre
gwangju uprising,gwangju uprising
death,death
based on true story ,based on true story 
reverse-harem,reverse-harem
miniseries,miniseries
web series,web series
advertisement,advertisement
male chases female first,male chases female first
short length series,short length series
time altering,time altering
multiple mains,multiple mains
"""childhood friends' relationship ""","""childhood friends' relationship """
national intelligence service,national intelligence service
rivals to lovers,rivals to lovers
spy,spy
rich male lead ,rich male lead 
ghost-seeing male lead,ghost-seeing male lead
ghost,ghost
investigation,investigation
workplace setting,workplace setting
customer service staff,customer service staff
workplace abuse,workplace abuse
death ,death 
antisocial personality disorder,antisocial personality disorder
emotional blunting,emotional blunting
cold man/warm woman,cold man/warm woman
slow burn romance,slow burn romance
character development,character development
neurosurgeon male lead,neurosurgeon male lead
hospital setting ,hospital setting 
soap opera,soap opera
revenge,revenge
cold female lead,cold female lead
warm man/cold woman,warm man/cold woman
independent female lead,independent female lead
strict father,strict father
selfish mother,selfish mother
supportive father-in-law,supportive father-in-law
smart female lead ,smart female lead 
adult romance,adult romance
friendship,friendship
age gap [drama life],age gap [drama life]
age gap [real life],age gap [real life]
male centered plot,male centered plot
dissociative amnesia,dissociative amnesia
mental illness,mental illness
love at first sight ,love at first sight 
tragic past,tragic past
prosopagnosia,prosopagnosia
female chases male first,female chases male first
synesthesia,synesthesia
special power,special power
orphan female lead,orphan female lead
psychopath,psychopath
strong female lead ,strong female lead 
marriage,marriage
love triangle ,love triangle 
married couple,married couple
food ,food 
ghost-seeing female lead,ghost-seeing female lead
supernatural power,supernatural power
demon,demon
steamy kiss,steamy kiss
aggressive male lead,aggressive male lead
tough male lead,tough male lead
love/hate relationship,love/hate relationship
bromance ,bromance 
,
unrequited love,unrequited love
doctor male lead,doctor male lead
height difference,height difference
bright female lead,bright female lead
adapted from a novel,adapted from a novel
love triangle,love triangle
smart male lead,smart male lead
high school ,high school 
professor male lead,professor male lead
gun violence,gun violence
drug usage,drug usage
bankruptcy,bankruptcy
organized crime,organized crime
secret,secret
miniseries ,miniseries 
lawyer male lead,lawyer male lead
slight romance,slight romance
amnesia ,amnesia 
healing,healing
depression,depression
artificial intelligence,artificial intelligence
insomnia,insomnia
secret crush,secret crush
trauma,trauma
music ,music 
car accident,car accident
orphan male lead,orphan male lead
birth secret,birth secret
switched at birth,switched at birth
jealousy,jealousy
corruption ,corruption 
hardship,hardship
"""brothers' relationship""","""brothers' relationship"""
punishment,punishment
hatred,hatred
break up,break up
nice female lead,nice female lead
grandma-grandson relationship,grandma-grandson relationship
repentance,repentance
chairman,chairman
news media ,news media 
poetry,poetry
strong male lead,strong male lead
hardworking male lead,hardworking male lead
tough male lead ,tough male lead 
gore,gore
extreme violence,extreme violence
firefighter male lead,firefighter male lead
psychopath male lead,psychopath male lead
skilled killer,skilled killer
"""sisters' relationship""","""sisters' relationship"""
partner switch,partner switch
secondary couple,secondary couple
love square,love square
unrequited love ,unrequited love 
"""alzheimer's disease""","""alzheimer's disease"""
forbidden love ,forbidden love 
older man/younger woman,older man/younger woman
older woman/younger man,older woman/younger man
multiple couples ,multiple couples 
mdl remake,mdl remake
"""best friends' relationship""","""best friends' relationship"""
attempted assault,attempted assault
attempted murder,attempted murder
attempted suicide,attempted suicide
time loop,time loop
parallel dimension,parallel dimension
sassy female lead,sassy female lead
family relationship ,family relationship 
ex-boyfriend comes back,ex-boyfriend comes back
cheerful male lead,cheerful male lead
cohabitation,cohabitation
boss-employee relationship ,boss-employee relationship 
student,student
multiple couples,multiple couples
drama,drama
comedy ,comedy 
ex-girlfriend comes back,ex-girlfriend comes back
theater setting,theater setting
assistant director supporting character,assistant director supporting character
musical actress female lead,musical actress female lead
writer supporting character,writer supporting character
neuropsychiatrist supporting character ,neuropsychiatrist supporting character 
reincarnation,reincarnation
smart female lead,smart female lead
sassy female lead ,sassy female lead 
marketing,marketing
advertising,advertising
underdog,underdog
art,art
melodrama ,melodrama 
twins,twins
death of a stepfather,death of a stepfather
writer male lead,writer male lead
reporter female lead,reporter female lead
investigation ,investigation 
friends to lovers,friends to lovers
mild sexual content,mild sexual content
fake relationship ,fake relationship 
adapted from a webtoon,adapted from a webtoon
youth,youth
romance ,romance 
fight for justice,fight for justice
prosecutor male lead,prosecutor male lead
bullied male lead,bullied male lead
competitive male lead,competitive male lead
grim reaper supporting character ,grim reaper supporting character 
goryeo dynasty,goryeo dynasty
historical fiction,historical fiction
inspired by real events ,inspired by real events 
spirit,spirit
master/disciple relationship,master/disciple relationship
transmigration,transmigration
kind male lead,kind male lead
assassin female lead,assassin female lead
magical power ,magical power 
mother-son relationship,mother-son relationship
alexithymia,alexithymia
police department setting,police department setting
death of a mother,death of a mother
death of a father,death of a father
detective male lead ,detective male lead 
cancer,cancer
pregnancy ,pregnancy 
forbidden love,forbidden love
secret relationship,secret relationship
enemies to lovers,enemies to lovers
secret romance,secret romance
blackmail ,blackmail 
gambling,gambling
star crossed lovers,star crossed lovers
greed,greed
scheme,scheme
rich female lead,rich female lead
rivalry,rivalry
power struggle,power struggle
character development ,character development 
survival,survival
zombies,zombies
virus,virus
zombie apocalypse,zombie apocalypse
suspense ,suspense 
slow burn story,slow burn story
divorced male lead,divorced male lead
divorced female lead,divorced female lead
marriage ,marriage 
dream world,dream world
mixed live action-animation,mixed live action-animation
tearjerker,tearjerker
adventure,adventure
supportive girlfriend,supportive girlfriend
mental illness ,mental illness 
family relationship,family relationship
infidelity,infidelity
terminal illness ,terminal illness 
bittersweet ending,bittersweet ending
terminal illness,terminal illness
countryside setting,countryside setting
transfer student,transfer student
coming of age,coming of age
drama ,drama 
hidden past,hidden past
lovers separated,lovers separated
second chance romance ,second chance romance 
opposites attract,opposites attract
ballet,ballet
religious female lead,religious female lead
immature male lead,immature male lead
rich man/poor woman,rich man/poor woman
church setting ,church setting 
school bullying,school bullying
sexual harassment,sexual harassment
sexual assault,sexual assault
ripley syndrome,ripley syndrome
antihero,antihero
mistaken identity,mistaken identity
precognition,precognition
successful male lead,successful male lead
female chases male first ,female chases male first 
web series ,web series 
manipulative female lead,manipulative female lead
evil mother,evil mother
loneliness,loneliness
antihero ,antihero 
artist,artist
interspecies romance,interspecies romance
political,political
missing person,missing person
robot,robot
identity swap,identity swap
android,android
cheerful male lead ,cheerful male lead 
boss-employee relationship,boss-employee relationship
journalism,journalism
news anchor,news anchor
death of a wife,death of a wife
reporter male lead,reporter male lead
single father male lead ,single father male lead 
war,war
slavery,slavery
good twin/evil twin,good twin/evil twin
political intrigue ,political intrigue 
female centered plot,female centered plot
father-in-law - daughter-in-law relationship,father-in-law - daughter-in-law relationship
news presenter male lead,news presenter male lead
foundation director female lead,foundation director female lead
mother-in-law - daughter-in-law relationship,mother-in-law - daughter-in-law relationship
married life,married life
ambitious female lead,ambitious female lead
popular male lead,popular male lead
society,society
conglomerate ,conglomerate 
astronaut female lead,astronaut female lead
outer space ,outer space 
car racing ,car racing 
national assembly,national assembly
nice male lead ,nice male lead 
shy male lead,shy male lead
school rivalry ,school rivalry 
child abuse,child abuse
abusive parents,abusive parents
anxiety,anxiety
childhood trauma,childhood trauma
hardworking male lead ,hardworking male lead 
betrayal,betrayal
sismance,sismance
friendship ,friendship 
abusive husband,abusive husband
nice stepmother ,nice stepmother 
psychology,psychology
teamwork,teamwork
hot-tempered female lead,hot-tempered female lead
orphan male lead ,orphan male lead 
actress female lead,actress female lead
pregnant female lead,pregnant female lead
flashback to past,flashback to past
wealth obsession,wealth obsession
impulsive male lead,impulsive male lead
evil mother-in-law ,evil mother-in-law 
fashion industry,fashion industry
workplace romance,workplace romance
clingy male lead ,clingy male lead 
babysitting,babysitting
"""childhood friends' relationship""","""childhood friends' relationship"""
rich woman/poor man,rich woman/poor man
based on true story,based on true story
badass female lead,badass female lead
store manager,store manager
misunderstanding,misunderstanding
slow burn romance ,slow burn romance 
injustice,injustice
slight comedy,slight comedy
violence,violence
detective male lead,detective male lead
street fight,street fight
gang,gang
violence ,violence 
stay at home dad,stay at home dad
house husband ,house husband 
boxing,boxing
morally ambiguous male lead,morally ambiguous male lead
childhood crush,childhood crush
mad dog,mad dog
benevolent father,benevolent father
thief,thief
policewoman,policewoman
lawyer supporting character,lawyer supporting character
country manipulation,country manipulation
detective,detective
family,family
crime,crime
infidelity ,infidelity 
baekje dynasty,baekje dynasty
silla dynasty,silla dynasty
king male lead,king male lead
princess female lead,princess female lead
royalty,royalty
birth secret ,birth secret 
long lost child,long lost child
japanese colonial rule,japanese colonial rule
famous male lead,famous male lead
basketball,basketball
eccentric female lead,eccentric female lead
entertainment industry,entertainment industry
single mother,single mother
working mom ,working mom 
university,university
second chance ,second chance 
widow female lead,widow female lead
hair dresser,hair dresser
mean male lead,mean male lead
hot-tempered male lead,hot-tempered male lead
omnibus ,omnibus 
brother-sister relationship,brother-sister relationship
shy female lead,shy female lead
bickering couple,bickering couple
playboy male lead,playboy male lead
1970s,1970s
father-son relationship ,father-son relationship 
sibling rivalry,sibling rivalry
poor male lead ,poor male lead 
hateful mother-in-law,hateful mother-in-law
time skip,time skip
evil mother-in-law,evil mother-in-law
clingy male lead,clingy male lead
coma,coma
contract relationship,contract relationship
nerdy male lead,nerdy male lead
calm male lead,calm male lead
cat,cat
multiple mains ,multiple mains 
leave home,leave home
childhood sweethearts,childhood sweethearts
long-lost father,long-lost father
return to hometown,return to hometown
martial arts ,martial arts 
married female lead,married female lead
housewife female lead,housewife female lead
extramarital affair,extramarital affair
rich family,rich family
black comedy,black comedy
revenge ,revenge 
hospital setting,hospital setting
surgeon male lead,surgeon male lead
doctor male lead ,doctor male lead 
beauty,beauty
arrogant male lead,arrogant male lead
adapted from a manhwa ,adapted from a manhwa 
restaurant setting,restaurant setting
restaurateur male lead,restaurateur male lead
webtoon artist male lead,webtoon artist male lead
chasing a dream,chasing a dream
absent father,absent father
grandpa-granddaughter relationship,grandpa-granddaughter relationship
determined male lead,determined male lead
psychological manipulation,psychological manipulation
mother-son relationship ,mother-son relationship 
ex-convict,ex-convict
poor male lead,poor male lead
swindler male lead,swindler male lead
secretary supporting character,secretary supporting character
body swap,body swap
student-teacher relationship,student-teacher relationship
family secret,family secret
paparazzi,paparazzi
photography,photography
ex-spouse relationship,ex-spouse relationship
prosecutor supporting character,prosecutor supporting character
photographer,photographer
cold female lead ,cold female lead 
naive male lead,naive male lead
deception,deception
brave female lead,brave female lead
assault,assault
greed ,greed 
successful female lead,successful female lead
golf,golf
pre-produced,pre-produced
adapted from a manhwa,adapted from a manhwa
makeover,makeover
plastic surgery,plastic surgery
transformation,transformation
food,food
motherhood,motherhood
childbirth,childbirth
career woman,career woman
family ,family 
badass male lead,badass male lead
interspecies romance ,interspecies romance 
school problems,school problems
social problems,social problems
future,future
dystopia,dystopia
post apocalyptic,post apocalyptic
adapted from a webtoon ,adapted from a webtoon 
seaside setting,seaside setting
predjama castle,predjama castle
sworn enemy,sworn enemy
reincarnated lovers,reincarnated lovers
immortality,immortality
immortal,immortal
enemies to lovers ,enemies to lovers 
company president (ceo) male lead,company president (ceo) male lead
anger issues,anger issues
overbearing ceo,overbearing ceo
secretary male lead,secretary male lead
selfless female lead,selfless female lead
controlling parent ,controlling parent 
pianist male lead,pianist male lead
cheerful female lead,cheerful female lead
competent male lead,competent male lead
based on folk story,based on folk story
tetra-chromatic,tetra-chromatic
color blindness ,color blindness 
hacker supporting character,hacker supporting character
judge male lead,judge male lead
team leader supporting character,team leader supporting character
detective fiction,detective fiction
perfectionist male lead,perfectionist male lead
social workers,social workers
genetic manipulation,genetic manipulation
childhood acquaintance,childhood acquaintance
superhuman strength,superhuman strength
healing power,healing power
dark fiction,dark fiction
femme fatale,femme fatale
qing dynasty,qing dynasty
harem,harem
joseon dynasty ,joseon dynasty 
palace setting,palace setting
queen dowager supporting character,queen dowager supporting character
concubine female lead,concubine female lead
historical fiction ,historical fiction 
soldier female lead,soldier female lead
north and south korea,north and south korea
tough female lead ,tough female lead 
"""unhealthy mains' relationship""","""unhealthy mains' relationship"""
multi-generational,multi-generational
grandpa-grandson relationship,grandpa-grandson relationship
fake identity,fake identity
evil daughter-in-law,evil daughter-in-law
fake daughter,fake daughter
family reunion,family reunion
family dispute,family dispute
mystery,mystery
suicide,suicide
hidden identity ,hidden identity 
bodyguard male lead,bodyguard male lead
brother-sister relationship ,brother-sister relationship 
fated love,fated love
1980s,1980s
heart disease,heart disease
riches to rags,riches to rags
remarriage,remarriage
kidnapping,kidnapping
wrongfully accused ,wrongfully accused 
adapted from a manga,adapted from a manga
evil parental figure,evil parental figure
first love ,first love 
doctor female lead,doctor female lead
cold male lead,cold male lead
disease,disease
brain surgery,brain surgery
death of a grandmother,death of a grandmother
death of a brother,death of a brother
photographer male lead,photographer male lead
single mother female lead,single mother female lead
raised by aunt,raised by aunt
studied abroad,studied abroad
adopted male lead,adopted male lead
positive female lead,positive female lead
hit and run ,hit and run 
nice ex-husband,nice ex-husband
controlling parent,controlling parent
goofy male lead,goofy male lead
second chance romance,second chance romance
rebellion,rebellion
arranged marriage,arranged marriage
doppelganger,doppelganger
money-obsession,money-obsession
big family,big family
contract relationship ,contract relationship 
exorcism,exorcism
korean medicine doctor,korean medicine doctor
radio personality,radio personality
childhood connection,childhood connection
obsessive female lead,obsessive female lead
heart transplant,heart transplant
disapproving parent,disapproving parent
family pressure,family pressure
forgiveness ,forgiveness 
curse,curse
found family,found family
grudge,grudge
blind date,blind date
adapted from a web novel,adapted from a web novel
fraud,fraud
former detective supporting character,former detective supporting character
police inspector supporting character,police inspector supporting character
police inspector female lead,police inspector female lead
barista supporting character,barista supporting character
chief of police supporting character ,chief of police supporting character 
non-mdl remake,non-mdl remake
workaholic female lead,workaholic female lead
office worker female lead,office worker female lead
office worker male lead,office worker male lead
talent agent female lead,talent agent female lead
talent agent male lead,talent agent male lead
team leader female lead,team leader female lead
team leader male lead,team leader male lead
hot-tempered female lead ,hot-tempered female lead 
"""school friends' relationship""","""school friends' relationship"""
first love returns,first love returns
carreer female lead,carreer female lead
damsel in distress,damsel in distress
sexual content,sexual content
lovers to enemies,lovers to enemies
love/hate relationship ,love/hate relationship 
1930s,1930s
impulsive female lead,impulsive female lead
autism,autism
tv host supporting character,tv host supporting character
police department setting ,police department setting 
campus setting,campus setting
diligent female lead,diligent female lead
school ,school 
housekeeper,housekeeper
adoption,adoption
north korean ,north korean 
stalking,stalking
possessive male lead,possessive male lead
businessman,businessman
scandal,scandal
conglomerate,conglomerate
business rivalry,business rivalry
kidnapping ,kidnapping 
spirit possession,spirit possession
attempted assault ,attempted assault 
patriotism ,patriotism 
assemblyman male lead,assemblyman male lead
lawyer female lead,lawyer female lead
competent female lead,competent female lead
elections,elections
lawmaker,lawmaker
workplace romance ,workplace romance 
future seeing female lead,future seeing female lead
cult,cult
suicide ,suicide 
child behavior issues,child behavior issues
psychiatry,psychiatry
child abandonment,child abandonment
domestic violence,domestic violence
former idol,former idol
rich female lead ,rich female lead 
neurosurgeon male lead ,neurosurgeon male lead 
mistress female lead ,mistress female lead 
café setting,café setting
inner monologue,inner monologue
chocolatier,chocolatier
tragic past ,tragic past 
hospice care,hospice care
cooking,cooking
compassionate female lead,compassionate female lead
alien,alien
calm female lead,calm female lead
human experimentation ,human experimentation 
vigilante,vigilante
romance,romance
phobia,phobia
mysophobia,mysophobia
obsessive-compulsive disorder,obsessive-compulsive disorder
older man/younger woman ,older man/younger woman 
"""co-workers' relationship""","""co-workers' relationship"""
broker male lead,broker male lead
public officer supporting character,public officer supporting character
loan shark supporting character,loan shark supporting character
janitor supporting character,janitor supporting character
janitor female lead ,janitor female lead 
cross-dressing,cross-dressing
gender bender,gender bender
family pressure ,family pressure 
webtoon artist female lead,webtoon artist female lead
body transformation,body transformation
magic,magic
"""best friends' relationship ""","""best friends' relationship """
obsessive male lead,obsessive male lead
soulmates,soulmates
lgbtq+,lgbtq+
obsession,obsession
aunt-nephew relationship,aunt-nephew relationship
psychological,psychological
missing person ,missing person 
omnibus,omnibus
episodic format ,episodic format 
murder ,murder 
melodrama,melodrama
illness,illness
heart transplant ,heart transplant 
conspiracy ,conspiracy 
heir,heir
childish male lead,childish male lead
steamy kiss ,steamy kiss 
north korean,north korean
secretary female lead,secretary female lead
narcissistic male lead,narcissistic male lead
criminal profiler female lead,criminal profiler female lead
criminal profiler male lead,criminal profiler male lead
serial killer supporting character,serial killer supporting character
criminal supporting character,criminal supporting character
non-mdl remake ,non-mdl remake 
surgeon,surgeon
weather forecaster,weather forecaster
office worker,office worker
oblivious male lead ,oblivious male lead 
actor male lead,actor male lead
theater,theater
military abuse,military abuse
ptsd,ptsd
desertion,desertion
harassment,harassment
humiliation ,humiliation 
youtuber male lead,youtuber male lead
retail clerk female lead,retail clerk female lead
fraternal twin female lead ,fraternal twin female lead 
leadership,leadership
balhae dynasty,balhae dynasty
warlord,warlord
royalty ,royalty 
enemies to friends,enemies to friends
airhead female lead,airhead female lead
slice of life ,slice of life 
multilingual,multilingual
healthy mains’ relationship,healthy mains’ relationship
eccentric male lead ,eccentric male lead 
separated family,separated family
swordswoman,swordswoman
death of a parent,death of a parent
escaping,escaping
martial arts master,martial arts master
older woman/younger man ,older woman/younger man 
hallucination,hallucination
monsters,monsters
shamanism,shamanism
matchmaking,matchmaking
life lesson,life lesson
family conflict,family conflict
elder female lead,elder female lead
generational conflict ,generational conflict 
student ,student 
"""roommates' relationship""","""roommates' relationship"""
dormitory,dormitory
long time friends ,long time friends 
sejong the great,sejong the great
sword-fight,sword-fight
martial arts,martial arts
secret organization,secret organization
adapted from a novel ,adapted from a novel 
empathic male lead,empathic male lead
righteous male lead,righteous male lead
corrupt legal system,corrupt legal system
warm male lead ,warm male lead 
fight,fight
delivery man/woman,delivery man/woman
alien ,alien 
filmed abroad,filmed abroad
earthquake ,earthquake 
conspiracy,conspiracy
blue house,blue house
social commentary,social commentary
terrorism,terrorism
love at first sight,love at first sight
misunderstanding ,misunderstanding 
comedy,comedy
surgeon female lead,surgeon female lead
doctor-patient relationship,doctor-patient relationship
police department,police department
return from abroad,return from abroad
military doctor,military doctor
death of an adoptive father,death of an adoptive father
freedom,freedom
artist ,artist 
attempted murder ,attempted murder 
classical music,classical music
optimistic female lead,optimistic female lead
energetic female lead,energetic female lead
bright female lead ,bright female lead 
persevering female lead,persevering female lead
perseverance,perseverance
incurable disease,incurable disease
euthanasia,euthanasia
thoracic surgeon male lead,thoracic surgeon male lead
middle-aged male lead,middle-aged male lead
prosecutor female lead,prosecutor female lead
genius male lead,genius male lead
ambassador supporting character,ambassador supporting character
thoracic surgeon supporting character,thoracic surgeon supporting character
investigator supporting character,investigator supporting character
ex-couple relationship ,ex-couple relationship 
deception ,deception 
trauma ,trauma 
school gang,school gang
workplace abuse ,workplace abuse 
organ transplantation,organ transplantation
double identity ,double identity 
brain cancer,brain cancer
unlucky female lead,unlucky female lead
glioblastoma,glioblastoma
fate ,fate 
mixed martial arts,mixed martial arts
blackmail,blackmail
singer female lead,singer female lead
singer male lead,singer male lead
three kingdoms of korea,three kingdoms of korea
tang dynasty,tang dynasty
silla dynasty ,silla dynasty 
professor female lead,professor female lead
civil exam ,civil exam 
doctor supporting character,doctor supporting character
missing child,missing child
unhappy marriage,unhappy marriage
animal death,animal death
scientist,scientist
disability,disability
psychiatrist male lead,psychiatrist male lead
height difference ,height difference 
time travel ,time travel 
awkward male lead,awkward male lead
gangster male lead,gangster male lead
introverted male lead,introverted male lead
nurse supporting character,nurse supporting character
male chases female first ,male chases female first 
human experimentation,human experimentation
village setting,village setting
fashion designer female lead,fashion designer female lead
restaurateur male lead ,restaurateur male lead 
dysfunctional family,dysfunctional family
resident doctor ,resident doctor 
workplace politics,workplace politics
ambition,ambition
yuan dynasty,yuan dynasty
female lead action scenes ,female lead action scenes 
summer,summer
florist,florist
father-daughter relationship ,father-daughter relationship 
band,band
idol supporting character,idol supporting character
idol male lead,idol male lead
talent manager male lead,talent manager male lead
twin flames,twin flames
politician male lead,politician male lead
married life ,married life 
cupid,cupid
magical power,magical power
clumsy female lead,clumsy female lead
dorky male lead ,dorky male lead 
evil stepmother ,evil stepmother 
"""neighbors' relationship""","""neighbors' relationship"""
prostitution,prostitution
illegal business,illegal business
sex trafficking,sex trafficking
autistic female lead,autistic female lead
attorney female lead,attorney female lead
law firm,law firm
courtroom setting,courtroom setting
single mother/father supporting character ,single mother/father supporting character 
harem ,harem 
comfort women,comfort women
sexual abuse,sexual abuse
soldier,soldier
torture,torture
pre-produced ,pre-produced 
elemental power,elemental power
swordsman,swordsman
school club,school club
costume,costume
weak male lead,weak male lead
failing marriage,failing marriage
tomboy,tomboy
widower male lead,widower male lead
age gap [drama life] ,age gap [drama life] 
famous lead/common lead,famous lead/common lead
female rivalry,female rivalry
war ,war 
fashion designer,fashion designer
fashion industry ,fashion industry 
cardiothoracic surgeon,cardiothoracic surgeon
promise,promise
supportive parent ,supportive parent 
vengeful female lead,vengeful female lead
business partners,business partners
shoesmaker,shoesmaker
bankruptcy ,bankruptcy 
lost child,lost child
satire,satire
life lesson ,life lesson 
hyperthymesia,hyperthymesia
entertainment industry ,entertainment industry 
one-night stand,one-night stand
gay romance,gay romance
bisexual male lead,bisexual male lead
gay male lead,gay male lead
hospital director supporting character,hospital director supporting character
"""half-brothers' relationship""","""half-brothers' relationship"""
"""half-sisters' relationship""","""half-sisters' relationship"""
"""stepsisters' relationship ""","""stepsisters' relationship """
evil brother,evil brother
evil stepmother,evil stepmother
muse,muse
musician male lead,musician male lead
detective ,detective 
hidden personality,hidden personality
rape,rape
hair salon owner,hair salon owner
hair designer,hair designer
hair salon,hair salon
enthusiastic male lead,enthusiastic male lead
customer,customer
internship,internship
hardworking female lead ,hardworking female lead 
showa era,showa era
japanese colonial rule ,japanese colonial rule 
magician male lead,magician male lead
police officer female lead,police officer female lead
ghost supporting character ,ghost supporting character 
beauty standards,beauty standards
female antagonist,female antagonist
friends to lovers ,friends to lovers 
swindler female lead,swindler female lead
stylist female lead,stylist female lead
psychopath supporting character,psychopath supporting character
heir male lead,heir male lead
hwaseong serial murders,hwaseong serial murders
enemy mine,enemy mine
mad dog ,mad dog 
heiress,heiress
popular female lead,popular female lead
internet celebrity,internet celebrity
secondary couple ,secondary couple 
slight romance ,slight romance 
adolescence,adolescence
love pentagon,love pentagon
liar female lead,liar female lead
separation at birth ,separation at birth 
disappearance,disappearance
influencer,influencer
baseball,baseball
sports ,sports 
tough female lead,tough female lead
slave male lead,slave male lead
mongol empire,mongol empire
historical figure,historical figure
pottery,pottery
edo period,edo period
gwanghae,gwanghae
cross-dressing ,cross-dressing 
innocent female lead,innocent female lead
abusive in laws,abusive in laws
screenwriter female lead,screenwriter female lead
investigator male lead,investigator male lead
serial killings,serial killings
misfortune,misfortune
injury,injury
conflict,conflict
stalking ,stalking 
swindler supporting character,swindler supporting character
loan shark female lead,loan shark female lead
heir/heiress supporting character,heir/heiress supporting character
false rumors,false rumors
selfish female lead ,selfish female lead 
supportive mother-in-law,supportive mother-in-law
cuddly couple,cuddly couple
skinship,skinship
"""stepsisters' relationship""","""stepsisters' relationship"""
self-sacrifice,self-sacrifice
pseudo incest,pseudo incest
step-siblings love ,step-siblings love 
slice of life,slice of life
poor family,poor family
emergency department,emergency department
espionage,espionage
ableism,ableism
autistic male lead,autistic male lead
savant syndrome,savant syndrome
social satire,social satire
emotional infidelity,emotional infidelity
useless father,useless father
psychiatrist,psychiatrist
emotional infidelity ,emotional infidelity 
dangerous love,dangerous love
prince male lead,prince male lead
discrimination,discrimination
child education,child education
sismance ,sismance 
detective supporting character,detective supporting character
detective female lead,detective female lead
catastrophy,catastrophy
nine-tailed fox,nine-tailed fox
shamanism ,shamanism 
dokkaebi,dokkaebi
heartfelt,heartfelt
true love ,true love 
gun fight,gun fight
thriller ,thriller 
goguryeo dynasty,goguryeo dynasty
warrior female lead,warrior female lead
gwanggaeto the great,gwanggaeto the great
oblivious female lead,oblivious female lead
smart male lead ,smart male lead 
infectious disease,infectious disease
illness ,illness 
anthology,anthology
forced kiss,forced kiss
blood,blood
lesbian romance,lesbian romance
"""school friends' relationship ""","""school friends' relationship """
multi-generational ,multi-generational 
rich man/poor woman ,rich man/poor woman 
long lost sibling,long lost sibling
psychometry,psychometry
slow romance,slow romance
childish female lead,childish female lead
badass male lead ,badass male lead 
teen parents,teen parents
teen marriage,teen marriage
sociophobia,sociophobia
competition,competition
songwriter male lead,songwriter male lead
singing ,singing 
gaslighting,gaslighting
mental torment,mental torment
animal abuse,animal abuse
hot-tempered male lead ,hot-tempered male lead 
dark fantasy,dark fantasy
supernatural phenomena,supernatural phenomena
religion,religion
fantasy,fantasy
detective fiction ,detective fiction 
vampire ,vampire 
cold man/warm woman ,cold man/warm woman 
cheerful female lead ,cheerful female lead 
fan culture,fan culture
dropout,dropout
alcoholism,alcoholism
thief female lead,thief female lead
death of a father ,death of a father 
superhuman strength ,superhuman strength 
heartbreak,heartbreak
naive female lead,naive female lead
angel female lead,angel female lead
raised by grandmother,raised by grandmother
undercover agent male lead,undercover agent male lead
undercover agent female lead,undercover agent female lead
criminal organization,criminal organization
heiress female lead,heiress female lead
age gap [real life] ,age gap [real life] 
high class society,high class society
ice hockey,ice hockey
adult-minor relationship ,adult-minor relationship 
ambitious male lead,ambitious male lead
mean mother ,mean mother 
singer male lead ,singer male lead 
implied rape,implied rape
athlete female lead,athlete female lead
meet again,meet again
swimmer female lead ,swimmer female lead 
architecture industry,architecture industry
death of a husband,death of a husband
nice female lead ,nice female lead 
betrayal ,betrayal 
orphanage setting,orphanage setting
plastic surgeon male lead ,plastic surgeon male lead 
"""housemates' relationship""","""housemates' relationship"""
interior designer female lead,interior designer female lead
deliveryman/deliverywoman supporting character,deliveryman/deliverywoman supporting character
chairman/chairwoman supporting character ,chairman/chairwoman supporting character 
past and present,past and present
different timelines,different timelines
hypnotism ,hypnotism 
jack of all trades,jack of all trades
interior designer,interior designer
engagement,engagement
elderly care ,elderly care 
inheritance theft,inheritance theft
hotel setting,hotel setting
pâtissier,pâtissier
writer female lead,writer female lead
chef male lead ,chef male lead 
secret second family,secret second family
sick son,sick son
academic achievement,academic achievement
café owner female lead ,café owner female lead 
flashback to past ,flashback to past 
unusual friendship,unusual friendship
reserved male lead,reserved male lead
"""emperor's physician""","""emperor's physician"""
prime minister,prime minister
eunuch,eunuch
survival ,survival 
hwarang,hwarang
jinheung,jinheung
dissociative identity disorder,dissociative identity disorder
playful male lead,playful male lead
mind reading,mind reading
warm man/cold woman ,warm man/cold woman 
identical twin female lead,identical twin female lead
twin exchange,twin exchange
manager female lead,manager female lead
photographer supporting character,photographer supporting character
director male lead,director male lead
modeling,modeling
healing ,healing 
chef male lead,chef male lead
warm female lead,warm female lead
parody ,parody 
tone deaf,tone deaf
insomnia ,insomnia 
haphephobia,haphephobia
homeless,homeless
romeo and juliet,romeo and juliet
child abandonment ,child abandonment 
immature female lead,immature female lead
tough past,tough past
sly female lead,sly female lead
bilingual,bilingual
music industry,music industry
k-pop,k-pop
idol female lead,idol female lead
volunteer supporting character,volunteer supporting character
volunteer male lead,volunteer male lead
monk/nun supporting character,monk/nun supporting character
homeless supporting character ,homeless supporting character 
historical legend,historical legend
animal,animal
part-time worker male lead,part-time worker male lead
talking animal,talking animal
clingy female lead ,clingy female lead 
unfortunate female lead,unfortunate female lead
biographical,biographical
warrior,warrior
mental hospital setting,mental hospital setting
law ,law 
power struggle ,power struggle 
prison setting,prison setting
gambler male lead,gambler male lead
businesswoman female lead,businesswoman female lead
ciminal organization,ciminal organization
investigator female lead,investigator female lead
investigation team,investigation team
alcoholic female lead,alcoholic female lead
honest male lead,honest male lead
mafia,mafia
material arts,material arts
female fighter,female fighter
social anxiety disorder,social anxiety disorder
taboo,taboo
family secret ,family secret 
terrorist,terrorist
priest,priest
demon/monster hunting,demon/monster hunting
teacher female lead,teacher female lead
exorcist,exorcist
heiress ,heiress 
criminal profiler,criminal profiler
dentist male lead,dentist male lead
adopted supporting character,adopted supporting character
patisserie,patisserie
vice principal supporting character,vice principal supporting character
part-time worker female lead,part-time worker female lead
part-time worker male lead ,part-time worker male lead 
successful male lead ,successful male lead 
possessive female lead,possessive female lead
selfless male lead,selfless male lead
rich kid,rich kid
concubine,concubine
consort supporting character,consort supporting character
revolution,revolution
lottery winner ,lottery winner 
deity female lead,deity female lead
clairvoyance,clairvoyance
unlucky male lead,unlucky male lead
special power ,special power 
rescue,rescue
rescue team,rescue team
forest ranger,forest ranger
evil spirit,evil spirit
royal family,royal family
taejong,taejong
thief male lead,thief male lead
downfall,downfall
miracle,miracle
archery,archery
introverted female lead,introverted female lead
alcoholic male lead,alcoholic male lead
alcoholism ,alcoholism 
eccentric female lead ,eccentric female lead 
oblivious male lead,oblivious male lead
frenemy ,frenemy 
school problems ,school problems 
dance,dance
snowy setting,snowy setting
dancer female lead,dancer female lead
single mother ,single mother 
courtroom setting ,courtroom setting 
redemption,redemption
runaway teenager,runaway teenager
justice system,justice system
prince syndrome,prince syndrome
innocent male lead,innocent male lead
evil aunt ,evil aunt 
1960s,1960s
oriental medicine ,oriental medicine 
manipulative supporting character,manipulative supporting character
playwright,playwright
manipulative female villain,manipulative female villain
optimistic female lead ,optimistic female lead 
home shopping,home shopping
tv host,tv host
veterinarian ,veterinarian 
psychiatrist female lead ,psychiatrist female lead 
chef female lead,chef female lead
abusive parents ,abusive parents 
premonition,premonition
office setting,office setting
team leader male lead ,team leader male lead 
senior-junior relationship ,senior-junior relationship 
new enerrgy,new enerrgy
presidential election,presidential election
"""coup d'etat""","""coup d'etat"""
weak female lead,weak female lead
chairman/chairwoman supporting character,chairman/chairwoman supporting character
homeless male lead,homeless male lead
thug supporting character,thug supporting character
underworld,underworld
episodic format,episodic format
poor female lead ,poor female lead 
calm female lead ,calm female lead 
cosmetic company,cosmetic company
mentor,mentor
rivalry ,rivalry 
parody,parody
sense of culpability,sense of culpability
hypocrisy,hypocrisy
revenge killing,revenge killing
crime against women,crime against women
medical,medical
sleep disorder,sleep disorder
sleepwalking,sleepwalking
"""housemates' relationship ""","""housemates' relationship """
living with in-laws,living with in-laws
domestic abuse ,domestic abuse 
korean food,korean food
foodie female lead,foodie female lead
civil servant,civil servant
benevolent mother,benevolent mother
highlight ,highlight 
game developer supporting character,game developer supporting character
competent male lead ,competent male lead 
female lead action scenes,female lead action scenes
debt,debt
game show,game show
smart antihero,smart antihero
domestic abuse,domestic abuse
hateful mother-in-law ,hateful mother-in-law 
fake relationship,fake relationship
authoritarian parents,authoritarian parents
doppelganger ,doppelganger 
police procedural,police procedural
troublemaker male lead,troublemaker male lead
vietnam war,vietnam war
assassination,assassination
1990s,1990s
all-boys school,all-boys school
stalker supporting character,stalker supporting character
screenwriter supporting character,screenwriter supporting character
screenwriter male lead,screenwriter male lead
editor supporting character,editor supporting character
lawyer supporting character ,lawyer supporting character 
deafness,deafness
deaf male lead,deaf male lead
stepfather-stepdaughter relationship ,stepfather-stepdaughter relationship 
teenager female lead,teenager female lead
stolen money,stolen money
broadcasting club,broadcasting club
social media,social media
acupuncture,acupuncture
"""stepbrothers' relationship""","""stepbrothers' relationship"""
raised by elder brother,raised by elder brother
conflict ,conflict 
family issues,family issues
cheating,cheating
flight attendant female lead,flight attendant female lead
businessman male lead ,businessman male lead 
policeman,policeman
undercover agent,undercover agent
idol actor ,idol actor 
philosophical,philosophical
social realism,social realism
guardian angel,guardian angel
psychiatrist male lead ,psychiatrist male lead 
mobile app,mobile app
dermatologist male lead,dermatologist male lead
badminton,badminton
athlete male lead,athlete male lead
teen marriage ,teen marriage 
immortal female lead,immortal female lead
immortality ,immortality 
long distance relationship,long distance relationship
orphan female lead ,orphan female lead 
prince male lead ,prince male lead 
generation gap,generation gap
lovers reunited,lovers reunited
gardener,gardener
life decisions,life decisions
business successor,business successor
divorce ,divorce 
narcolepsy,narcolepsy
student-teacher relationship ,student-teacher relationship 
sitcom ,sitcom 
boxer female lead,boxer female lead
police officer male lead,police officer male lead
stubborn female lead,stubborn female lead
strict mother,strict mother
good and evil,good and evil
cold male lead ,cold male lead 
filmed abroad ,filmed abroad 
undercover operation,undercover operation
rags to riches ,rags to riches 
trot music,trot music
painting,painting
blind male lead,blind male lead
protective male lead,protective male lead
passionate male lead,passionate male lead
fast paced romance,fast paced romance
awkward female lead,awkward female lead
insurance,insurance
emotional abuse,emotional abuse
painter,painter
blindness,blindness
intellectual disability,intellectual disability
jealousy ,jealousy 
"""girls' generation (snsd)""","""girls' generation (snsd)"""
inheritance theft ,inheritance theft 
"""roommates' relationship ""","""roommates' relationship """
extravagant male lead,extravagant male lead
summer vacation,summer vacation
stalker,stalker
nanny male lead,nanny male lead
child supporting character,child supporting character
child female lead,child female lead
love square ,love square 
cnblue,cnblue
reality show ,reality show 
faked death,faked death
weak male lead ,weak male lead 
clingy female lead,clingy female lead
personal assistant supporting character,personal assistant supporting character
welder female lead,welder female lead
death of a grandfather,death of a grandfather
prosecutor male lead ,prosecutor male lead 
police officer supporting character,police officer supporting character
company president (ceo) male lead ,company president (ceo) male lead 
financial conflict,financial conflict
hospital management,hospital management
mathematics ,mathematics 
telepathy,telepathy
augmented reality,augmented reality
game,game
virtual reality,virtual reality
death game,death game
evil father ,evil father 
quirky humour,quirky humour
aggressive female lead,aggressive female lead
vice president supporting character,vice president supporting character
judge supporting character ,judge supporting character 
career oriented female lead,career oriented female lead
coach male lead,coach male lead
counselor female lead,counselor female lead
short track speed skating,short track speed skating
money-hungry male lead,money-hungry male lead
money-obsession ,money-obsession 
magical object,magical object
forgotten memories,forgotten memories
imposter,imposter
twins ,twins 
rich family ,rich family 
beauty pageant,beauty pageant
desperate male lead,desperate male lead
beauty salon owner,beauty salon owner
debt collector,debt collector
imf crisis,imf crisis
company president (ceo) female lead,company president (ceo) female lead
team manager,team manager
single female lead ,single female lead 
actor/actress supporting character,actor/actress supporting character
friends to enemies,friends to enemies
inferiority complex,inferiority complex
moral ambiguity ,moral ambiguity 
baking,baking
patissier male lead,patissier male lead
café owner female lead,café owner female lead
plane crash,plane crash
disaster,disaster
social justice,social justice
village setting ,village setting 
slapstick,slapstick
potty humor,potty humor
farm setting,farm setting
domestic violence ,domestic violence 
secret child,secret child
naive female lead ,naive female lead 
hostage situation,hostage situation
reunification of korea,reunification of korea
hostage,hostage
heist,heist
nudity ,nudity 
teenager male lead,teenager male lead
band ,band 
heir male lead ,heir male lead 
death of a daughter,death of a daughter
governor supporting character,governor supporting character
governor male lead,governor male lead
archaeologist male lead,archaeologist male lead
gangster supporting character,gangster supporting character
police officer female lead ,police officer female lead 
black magic,black magic
gwangjong ,gwangjong 
aristocrat,aristocrat
servant,servant
calligrapher,calligrapher
photographer ,photographer 
"""sisters' relationship ""","""sisters' relationship """
child sexual abuse,child sexual abuse
grandma-granddaughter relationship,grandma-granddaughter relationship
uncle-nephew relationship,uncle-nephew relationship
mourning,mourning
cleaning and organizing,cleaning and organizing
asperger’s syndrome ,asperger’s syndrome 
superpower,superpower
gender swap,gender swap
sword-fight ,sword-fight 
crime against children,crime against children
attempted sexual assault,attempted sexual assault
teamwork ,teamwork 
villain likes the lead,villain likes the lead
slow burn story ,slow burn story 
police captain supporting character,police captain supporting character
crime against children ,crime against children 
female antagonist ,female antagonist 
unconditional love,unconditional love
loan shark ,loan shark 
rural life,rural life
evil parental figure ,evil parental figure 
kind female lead,kind female lead
materialistic female lead,materialistic female lead
bad/wrong tag ,bad/wrong tag 
fake incest,fake incest
architecture industry ,architecture industry 
sibling rivalry ,sibling rivalry 
part-time worker female lead ,part-time worker female lead 
hologram,hologram
company manager,company manager
cosmetic company ,cosmetic company 
producer,producer
haechoolring,haechoolring
single father male lead,single father male lead
professor,professor
time manipulation,time manipulation
cyberbullying,cyberbullying
amusement park setting,amusement park setting
sabotage,sabotage
composer male lead,composer male lead
record producer female lead,record producer female lead
record producer male lead,record producer male lead
dog ,dog 
grandma-granddaughter relationship ,grandma-granddaughter relationship 
crime boss,crime boss
princess supporting character,princess supporting character
adopted female lead,adopted female lead
forced break-up,forced break-up
evil daughter-in-law ,evil daughter-in-law 
model female lead,model female lead
model male lead,model male lead
hotel management,hotel management
nutritionist,nutritionist
mother-daughter relationship ,mother-daughter relationship 
spy male lead,spy male lead
undercover agent male lead ,undercover agent male lead 
jerk male lead,jerk male lead
family crisis,family crisis
clumsy male lead,clumsy male lead
airhead male lead,airhead male lead
afterlife,afterlife
innocent male lead ,innocent male lead 
orchestra conductor male lead,orchestra conductor male lead
pianist female lead,pianist female lead
musician male lead ,musician male lead 
fire accident,fire accident
kind male lead ,kind male lead 
camping trip,camping trip
past failure,past failure
hotel setting ,hotel setting 
friends with benefits,friends with benefits
heart surgery,heart surgery
pilot male lead,pilot male lead
teacher male lead,teacher male lead
prejudice,prejudice
rich woman/poor man ,rich woman/poor man 
veterinarian,veterinarian
guilt,guilt
self-harm ,self-harm 
peasant revolution,peasant revolution
business ,business 
female infertility,female infertility
long time friends,long time friends
single father ,single father 
obsessive-compulsive disorder ,obsessive-compulsive disorder 
weight loss,weight loss
body image,body image
disabled female lead,disabled female lead
selfish male lead,selfish male lead
terminal care,terminal care
sick female lead,sick female lead
selfless female lead ,selfless female lead 
body swap ,body swap 
strict boss,strict boss
engineer male lead,engineer male lead
strict female lead,strict female lead
airport setting,airport setting
muteness,muteness
bucket list,bucket list
ex-spouse comes back,ex-spouse comes back
depression ,depression 
brief nudity,brief nudity
prison,prison
prisoner,prisoner
drug usage ,drug usage 
salesman/saleswoman supporting character,salesman/saleswoman supporting character
florist supporting character,florist supporting character
heir ,heir 
mdl remake ,mdl remake 
vampire,vampire
music,music
high school sweethearts,high school sweethearts
interview,interview
bickering couple ,bickering couple 
island setting,island setting
middle-aged female lead,middle-aged female lead
singing,singing
co-produced,co-produced
immigrant,immigrant
abuse of power,abuse of power
racism,racism
world war 1,world war 1
world war 2 ,world war 2 
ex-convict male lead,ex-convict male lead
angel male lead,angel male lead
forensic medical examiner male lead,forensic medical examiner male lead
forensic science,forensic science
lieutenant supporting character,lieutenant supporting character
warm female lead ,warm female lead 
supermarket,supermarket
tennis player,tennis player
sports,sports
divorced couple,divorced couple
obsession ,obsession 
stepsibling romance,stepsibling romance
incest,incest
bad/wrong tag,bad/wrong tag
forgiveness,forgiveness
resentment,resentment
sensitive female lead,sensitive female lead
retaliation,retaliation
multiple marriages,multiple marriages
wedlock child,wedlock child
adopted siblings love,adopted siblings love
programmer,programmer
obsessive ex-lover,obsessive ex-lover
clingy ex-boyfriend,clingy ex-boyfriend
break off engagement,break off engagement
hidden camera crime ,hidden camera crime 
superstition,superstition
player male lead,player male lead
police academy,police academy
honest female lead,honest female lead
coast guard,coast guard
serial killer,serial killer
psychic female lead ,psychic female lead 
church setting,church setting
exorcist male lead,exorcist male lead
priest supporting character,priest supporting character
priest male lead,priest male lead
psychiatrist supporting character,psychiatrist supporting character
catholicism in korea ,catholicism in korea 
noble man/common woman,noble man/common woman
alternate universe,alternate universe
black comedy ,black comedy 
swindling,swindling
detective agency,detective agency
personality change,personality change
policewoman ,policewoman 
self- redemption,self- redemption
crime solving duo,crime solving duo
sport club,sport club
boarding house,boarding house
working mom,working mom
carefree female lead ,carefree female lead 
obsessive male lead ,obsessive male lead 
survivor guilt,survivor guilt
selfish female lead,selfish female lead
first love returns ,first love returns 
painter female lead,painter female lead
unreliable narrator,unreliable narrator
adapted from  short story ,adapted from  short story 
divorced female lead ,divorced female lead 
nostalgia,nostalgia
identical twin male lead,identical twin male lead
drug addiction,drug addiction
teacher supporting character,teacher supporting character
lawyer female lead ,lawyer female lead 
dorky male lead,dorky male lead
spoiled male lead ,spoiled male lead 
guitarist male lead,guitarist male lead
public officer,public officer
strict parent,strict parent
civil servant ,civil servant 
prodigy,prodigy
pathetic female lead,pathetic female lead
carpenter male lead,carpenter male lead
researcher male lead,researcher male lead
death of a friend,death of a friend
boxer male lead,boxer male lead
adult-minor relationship,adult-minor relationship
office worker ,office worker 
long lost mother,long lost mother
lying female lead,lying female lead
mean sister,mean sister
hidden past ,hidden past 
calm male lead ,calm male lead 
master-slave relationship,master-slave relationship
gisaeng,gisaeng
gold digger female lead,gold digger female lead
stolen identity,stolen identity
identity swap ,identity swap 
biotechnology,biotechnology
famous male lead ,famous male lead 
visual arts,visual arts
art restoration,art restoration
historical artifacts,historical artifacts
hacker male lead,hacker male lead
phobia ,phobia 
fake religion ,fake religion 
fake religion,fake religion
workplace setting ,workplace setting 
travel agency,travel agency
disapproving parent ,disapproving parent 
"""classmates' relationship""","""classmates' relationship"""
school violence,school violence
mature female lead,mature female lead
transfer student ,transfer student 
mean mother,mean mother
army officer,army officer
police dog,police dog
demilitarized zone,demilitarized zone
data manipulation ,data manipulation 
boutique ,boutique 
prince sado,prince sado
noble woman/common man,noble woman/common man
witch female lead,witch female lead
princess female lead ,princess female lead 
memory manipulation,memory manipulation
housewife bullying,housewife bullying
elementary school,elementary school
lazy male lead,lazy male lead
missing mother ,missing mother 
betrayed by a friend,betrayed by a friend
possessive wife,possessive wife
strict grandfather,strict grandfather
selfish mother ,selfish mother 
secret ,secret 
serious male lead,serious male lead
university ,university 
corrupt police officer,corrupt police officer
real estate agent female lead,real estate agent female lead
jewelry (group),jewelry (group)
hit and run,hit and run
child behavior issues ,child behavior issues 
cosmetics company,cosmetics company
beauty and makeup ,beauty and makeup 
emperor male lead,emperor male lead
winter sport,winter sport
audition ,audition 
plane setting,plane setting
flight attendant supporting character,flight attendant supporting character
single male lead ,single male lead 
betrayed by a lover,betrayed by a lover
mistress female lead,mistress female lead
protective brother,protective brother
butterfly effect,butterfly effect
goryeo dynasty ,goryeo dynasty 
dystopia ,dystopia 
political intrigue,political intrigue
taejo,taejo
north and south korea ,north and south korea 
foreigner male lead,foreigner male lead
sweet male lead ,sweet male lead 
performing arts,performing arts
software developer female lead,software developer female lead
dementia ,dementia 
songwriter female lead,songwriter female lead
photographer male lead ,photographer male lead 
gore ,gore 
revolt,revolt
poverty,poverty
editor,editor
photography ,photography 
news media,news media
news station,news station
raised by grandfather,raised by grandfather
brothers love same woman ,brothers love same woman 
clandestine operation,clandestine operation
ulterior motive,ulterior motive
game show ,game show 
fashion designer male lead,fashion designer male lead
app developer,app developer
language barrier,language barrier
intercountry romance,intercountry romance
pickpocket,pickpocket
righteous male lead ,righteous male lead 
emotionless male lead,emotionless male lead
deliverywoman female lead,deliverywoman female lead
deliveryman male lead,deliveryman male lead
attorney male lead,attorney male lead
lawyer male lead ,lawyer male lead 
death of a family,death of a family
disapproving family,disapproving family
miscommunication,miscommunication
single female lead,single female lead
precognition ,precognition 
step-siblings love,step-siblings love
attempted suicide ,attempted suicide 
pretends to be gay,pretends to be gay
closeted,closeted
producer female lead,producer female lead
teenager,teenager
fluffy,fluffy
impersonation,impersonation
surgeon ,surgeon 
mythical being,mythical being
taxi driver male lead,taxi driver male lead
photographic memory,photographic memory
death of a fiancé ,death of a fiancé 
conceited male lead,conceited male lead
vengeful female lead ,vengeful female lead 
sexual assault ,sexual assault 
bad man/good woman,bad man/good woman
hatred ,hatred 
sommelier,sommelier
winery,winery
aids,aids
death of a girlfriend,death of a girlfriend
motherhood ,motherhood 
separation at birth,separation at birth
drug lord,drug lord
bank setting,bank setting
sincere male lead,sincere male lead
bank auditor ,bank auditor 
heartbreak ,heartbreak 
elemental power ,elemental power 
reporter supporting character,reporter supporting character
occult,occult
spirit ,spirit 
poison,poison
pandemic,pandemic
attempted assassination,attempted assassination
fugitive,fugitive
death of a sister,death of a sister
retrocognition,retrocognition
political ,political 
vengeful ghost ,vengeful ghost 
competition ,competition 
ghost ,ghost 
mermaid,mermaid
share house,share house
mermaid female lead,mermaid female lead
adapted from video game,adapted from video game
sacrifice happiness,sacrifice happiness
prince supporting character,prince supporting character
alternate reality,alternate reality
soldier ,soldier 
noblewoman,noblewoman
chungseon,chungseon
ruthless male lead,ruthless male lead
extreme violence ,extreme violence 
eunuch supporting character,eunuch supporting character
king supporting character,king supporting character
queen supporting character,queen supporting character
prince supporting character ,prince supporting character 
parallel universe,parallel universe
male lead saves female lead,male lead saves female lead
evil uncle,evil uncle
monarchy,monarchy
treason ,treason 
blood ,blood 
physiognomy,physiognomy
frenemy,frenemy
battle of wits,battle of wits
female rivalry ,female rivalry 
former prosecutor,former prosecutor
landlord male lead,landlord male lead
writer male lead ,writer male lead 
forced break-up ,forced break-up 
sexual innuendo,sexual innuendo
chef,chef
insider trading,insider trading
manipulative male lead,manipulative male lead
sly male lead,sly male lead
noble sacrifice,noble sacrifice
musician female lead,musician female lead
supernatural ,supernatural 
performing arts ,performing arts 
cynical male lead,cynical male lead
tour guide,tour guide
vacation,vacation
tourism ,tourism 
school rivalry,school rivalry
high society ,high society 
producer male lead,producer male lead
food industry,food industry
contract worker,contract worker
child male lead,child male lead
cold-hearted female lead,cold-hearted female lead
underdog ,underdog 
master-servant relationship,master-servant relationship
king male lead ,king male lead 
chauffeur supporting character,chauffeur supporting character
"""neighbors' relationship ""","""neighbors' relationship """
news anchor ,news anchor 
righteous female lead,righteous female lead
scholar male lead,scholar male lead
vampire fiction,vampire fiction
vampire male lead ,vampire male lead 
monsters ,monsters 
cheating ,cheating 
raised by uncle,raised by uncle
missing mother,missing mother
evil female lead,evil female lead
disability ,disability 
genius female lead,genius female lead
environmental issues,environmental issues
space mission,space mission
water shortage,water shortage
space travel,space travel
outer space,outer space
deadly mission,deadly mission
growing up,growing up
musical,musical
debt ,debt 
slow romance ,slow romance 
ex-husband returns,ex-husband returns
talented female lead,talented female lead
talented male lead,talented male lead
aquaphobia,aquaphobia
mutant,mutant
agent male lead ,agent male lead 
middle school,middle school
disaster ,disaster 
ex relationship,ex relationship
embezzlement,embezzlement
warm male lead,warm male lead
timid female lead,timid female lead
fast paced romance ,fast paced romance 
grim reaper female lead,grim reaper female lead
magical ring,magical ring
arrogant male lead ,arrogant male lead 
side effect,side effect
high intelligence,high intelligence
drugs,drugs
lesbian guest character,lesbian guest character
widow,widow
2000s,2000s
time skip ,time skip 
time warp,time warp
sci-fi,sci-fi
determined female lead,determined female lead
high jump,high jump
gender bender ,gender bender 
webtoon artist supporting character,webtoon artist supporting character
manhwa artist supporting character,manhwa artist supporting character
editor female lead,editor female lead
adapted from a manga ,adapted from a manga 
grim reaper male lead,grim reaper male lead
suicide prevention,suicide prevention
team leader female lead ,team leader female lead 
talent manager female lead,talent manager female lead
beauty and makeup,beauty and makeup
idol trainee,idol trainee
confident male lead,confident male lead
brave male lead,brave male lead
public officer ,public officer 
crossworlds traveler,crossworlds traveler
action,action
speech disorder,speech disorder
political power,political power
casino setting,casino setting
passive female lead,passive female lead
photographer female lead,photographer female lead
ballet dancer male lead,ballet dancer male lead
ghost male lead ,ghost male lead 
leukemia,leukemia
gang ,gang 
hotelier female lead,hotelier female lead
ex-convict male lead ,ex-convict male lead 
optimistic male lead,optimistic male lead
death of a husband ,death of a husband 
raised by sister,raised by sister
snowy setting ,snowy setting 
loving husband,loving husband
announcer female lead,announcer female lead
kendo,kendo
slush funds,slush funds
law,law
apparent death,apparent death
congressman,congressman
vampire male lead,vampire male lead
restaurateur female lead,restaurateur female lead
loveless marriage,loveless marriage
idol actor,idol actor
martial arts school,martial arts school
nerdy female lead,nerdy female lead
short length series ,short length series 
government,government
sweet male lead,sweet male lead
weightlifting,weightlifting
bantering relationship,bantering relationship
swimming,swimming
rude female lead,rude female lead
part-time worker ,part-time worker 
wedding,wedding
lovers separated ,lovers separated 
seaside setting ,seaside setting 
devil,devil
security guard,security guard
reserved male lead ,reserved male lead 
serious male lead ,serious male lead 
bad tempered male lead,bad tempered male lead
countryside female lead,countryside female lead
bad-tempered female lead,bad-tempered female lead
mean female lead,mean female lead
bodyguard female lead,bodyguard female lead
bipolar disorder,bipolar disorder
anti-fan,anti-fan
cyber bullying,cyber bullying
violence against women,violence against women
attempted sexual assault ,attempted sexual assault 
money laundering,money laundering
ex-detective,ex-detective
businessman ,businessman 
dark past,dark past
evil sister,evil sister
womanizer father,womanizer father
drinking,drinking
confident female lead,confident female lead
yoga instructor,yoga instructor
youtuber female lead ,youtuber female lead 
mockumentary,mockumentary
surgeon male lead ,surgeon male lead 
tutor,tutor
childhood acquaintance ,childhood acquaintance 
housekeeper male lead,housekeeper male lead
housekeeping,housekeeping
marital erectile dysfonction,marital erectile dysfonction
misogynist male lead,misogynist male lead
misogyny,misogyny
midlife marriage crisis,midlife marriage crisis
game developer male lead,game developer male lead
horror,horror
